"","X","sex","age","desexed","purebred","gaze_follow","training_score","aggression_score","fear_score","separation_score","excitability_score","attachment_score","miscellaneous_score","ostensive","ostensive_binary","nonostensive","nonostensive_binary","os_best"
"1",1,1,6.7,1,2,4,2.125,1.05263157894737,1.23529411764706,0,2.16666666666667,2.33333333333333,0.962962962962963,0.75,1,0.75,1,0
"2",2,2,0.8,1,2,3,2.75,0.307692307692308,0.588235294117647,0.25,2.00726666666667,2.0123580494322,0.904044447615272,0.333333333333333,0,0.666666666666667,1,1
"3",3,1,6.8,1,2,3,2.875,0.230769230769231,0.166666666666667,0,3,1.5,0.72,0.5,0,0.625,1,1
"4",4,2,5.6,2,1,4,2.42857142857143,0.16,0.222222222222222,0.25,1.8,2,0.481481481481481,0.5,0,0.375,0,0
"5",5,1,12.7,1,2,4,2.28571428571429,0.307692307692308,0.588235294117647,0.25,2.00726666666667,2.0123580494322,0.904044447615272,0.777777777777778,1,0.125,0,0
"6",6,1,4.3,1,2,5,2.75,1.05263157894737,1.5,0,3.5,2.16666666666667,1.44,0.5,0,0.444444444444444,0,0
"7",7,1,4.1,1,2,3,2.625,0.0434782608695652,0.277777777777778,0.25,1.5,1.16666666666667,0.653846153846154,0.5,0,0.5,0,0
"8",8,2,8.3,1,2,3,2,0.222222222222222,0.764705882352941,0,2.66666666666667,1.83333333333333,1.26923076923077,0.521274190562416,0,0.504054415609776,0,0
"9",9,2,8.5,1,2,4,1.71428571428571,0.777777777777778,0.529411764705882,0.5,2.16666666666667,1.16666666666667,1.65384615384615,0.5,0,0.666666666666667,1,1
"10",10,2,5.7,1,2,4,2,1.15384615384615,1.625,1.57142857142857,2.5,2.33333333333333,1.12,0.636363636363636,1,0.5,0,0
"11",11,1,12.8,1,2,3,1.625,0.592592592592593,1.41176470588235,0.25,2.6,1.83333333333333,0.777777777777778,0.625,1,0.5,0,0
"12",12,2,3.4,1,1,3,2.25,0.923076923076923,0.733333333333333,0.25,2.16666666666667,2.33333333333333,1.26923076923077,0.5,0,0.25,0,0
"13",13,2,11.5,1,2,4,2.25,0.269230769230769,1.38888888888889,0,1.66666666666667,1,1.40740740740741,0.25,0,0.5,0,1
"14",14,2,5.2,2,1,4,2.875,0.961538461538462,0.388888888888889,0.75,3.16666666666667,2.83333333333333,0.666666666666667,0.875,1,0.875,1,0
"15",15,2,9,1,2,4,2.125,0.307692307692308,0.888888888888889,0.125,2,1.16666666666667,0.444444444444444,0.625,1,0.5,0,0
"16",16,1,1.3,1,1,4,2.25,0.48,0.764705882352941,1.6,2.5,2.66666666666667,1.80952380952381,0.5,0,0.444444444444444,0,0
"17",17,2,4.6,1,1,4,2.625,0.0476190476190476,0.875,0,2,2.5,0.703703703703704,0.5,0,0.75,1,1
"18",18,2,2.8,1,1,3,2.375,0.185185185185185,0.470588235294118,0.5,3,1.16666666666667,0.925925925925926,0.6,1,0.5,0,0
"19",19,2,1.2,1,1,4,2.625,0.0869565217391304,0.5,1.25,2.83333333333333,3,1.51851851851852,0.5,0,0.5,0,0
"20",20,1,1.5,1,1,3,2,0,0.823529411764706,0,1.66666666666667,1,0.55,0.75,1,0.75,1,0
"21",21,2,11.7,1,2,4,2.75,0.185185185185185,1.27777777777778,0.375,2.5,2.33333333333333,0.407407407407407,0.521274190562416,0,0.504054415609776,0,0
"22",22,1,10.9,1,1,4,2.75,0.307692307692308,0.588235294117647,0.25,2.00726666666667,2.0123580494322,0.904044447615272,0.75,1,0.625,1,0
"23",23,1,7,1,1,3,2.85714285714286,0.19047619047619,0.235294117647059,0,1.8,2,0.961538461538462,0.5,0,0.625,1,1
"24",24,1,7.8,1,1,3,2.42857142857143,0.347826086956522,0.5625,0,1.8,2.16666666666667,0.884615384615385,0.5,0,0.375,0,0
"25",25,1,3.9,1,1,4,2.25,0.269230769230769,0.944444444444444,0.75,2.83333333333333,2.33333333333333,1.25925925925926,0.5,0,0.5,0,0
"26",26,2,1.5,2,1,3,2.71428571428571,0.307692307692308,0.588235294117647,0.25,2.00726666666667,2.0123580494322,0.904044447615272,0.375,0,0.75,1,1
"27",27,1,1.1,1,1,3,2.71428571428571,0.307692307692308,0.588235294117647,0.25,2.00726666666667,2.0123580494322,0.904044447615272,0.375,0,0.5,0,1
"28",28,1,2.1,1,1,1,2.5,0.307692307692308,0.588235294117647,0.25,2.00726666666667,2.0123580494322,0.904044447615272,0.375,0,0.375,0,0
"29",29,2,5.6,2,1,4,2.375,0,0.571428571428571,0.25,2,2.0123580494322,3,0.25,0,0.5,0,1
"30",30,1,1.5,1,1,3,2.71428571428571,0.307692307692308,0.588235294117647,0.25,2.00726666666667,2.0123580494322,0.904044447615272,0.75,1,0.375,0,0
"31",31,2,2.8,1,1,4,2,0.307692307692308,0.588235294117647,0.25,2.00726666666667,2.0123580494322,0.904044447615272,0.375,0,0.5,0,1
"32",32,1,1.5,1,1,3,2.57142857142857,0.307692307692308,0.588235294117647,0.25,2.00726666666667,2.0123580494322,0.904044447615272,0.375,0,0.625,1,1
"33",33,1,4.7,2,1,3,3.125,0.307692307692308,0.588235294117647,0.25,2.00726666666667,2.0123580494322,0.904044447615272,0.5,0,0.5,0,0
"34",34,2,2.8,1,1,3,2,0.307692307692308,0.588235294117647,0.25,2.00726666666667,2.0123580494322,0.904044447615272,0.521274190562416,0,0.504054415609776,0,0
"35",35,1,2.7,1,1,1,1.625,0.307692307692308,0.588235294117647,0.25,2.00726666666667,2.0123580494322,0.904044447615272,0.521274190562416,0,0,0,0
"36",36,1,5.4,1,1,3,2.625,0.307692307692308,0.588235294117647,0.25,2.00726666666667,2.0123580494322,0.904044447615272,0.5,0,0.5,0,0
"37",37,1,6.3,1,2,3,2.14285714285714,0.307692307692308,0.588235294117647,0.25,2.00726666666667,2.0123580494322,0.904044447615272,0.5,0,0.5,0,0
"38",38,1,2.1,1,2,2,2.375,0.307692307692308,0.588235294117647,0.25,2.00726666666667,2.0123580494322,0.904044447615272,0.375,0,0.25,0,0
"39",39,2,3.2,2,1,4,2.375,0.307692307692308,0.588235294117647,0.25,2.00726666666667,2.0123580494322,0.904044447615272,0.521274190562416,0,0.504054415609776,0,0
"40",40,1,7.8,1,1,4,2.75,0.307692307692308,0.588235294117647,0.25,2.00726666666667,2.0123580494322,0.904044447615272,0.521274190562416,0,0.504054415609776,0,0
"41",41,1,4.4,1,2,4,2,1.07692307692308,0.666666666666667,0.5,2.16666666666667,1.83333333333333,0.740740740740741,0.25,0,0,0,0
"42",42,1,4.7,1,2,3,2.125,1.15384615384615,0.222222222222222,0,2.5,2.33333333333333,1.2962962962963,0.375,0,0.625,1,1
"43",43,2,1.1,1,1,3,2.5,0.0909090909090909,0.166666666666667,0.25,2.66666666666667,1.83333333333333,0.846153846153846,0.5,0,0.5,0,0
"44",44,2,3.2,1,2,3,2.75,0.307692307692308,0.588235294117647,0.25,2.00726666666667,2.0123580494322,0.904044447615272,0.375,0,0.5,0,1
"45",45,2,6.7,1,1,4,2.125,0,0.722222222222222,0,0.666666666666667,1,0.296296296296296,0.5,0,0.375,0,0
"46",46,2,1.7,2,1,5,2.375,0.307692307692308,0.588235294117647,0.25,2.00726666666667,2.0123580494322,0.904044447615272,0,0,0.504054415609776,0,0
"47",47,2,1.7,2,1,4,2.25,0.307692307692308,0.588235294117647,0.25,2.00726666666667,2.0123580494322,0.904044447615272,0.521274190562416,0,0.571428571428571,1,0
"48",48,1,1.3,1,1,3,2.25,0.307692307692308,0.588235294117647,0.25,2.00726666666667,2.0123580494322,0.904044447615272,0.375,0,0.333333333333333,0,0
"49",49,1,4.8,1,2,4,1.875,0.307692307692308,0.588235294117647,0.25,2.00726666666667,2.0123580494322,0.904044447615272,0.521274190562416,0,0.504054415609776,0,0
"50",50,1,2,1,2,5,2.875,0.307692307692308,0.588235294117647,0.25,2.00726666666667,2.0123580494322,0.904044447615272,0.521274190562416,0,0.504054415609776,0,0
"51",51,2,2.2,1,1,5,2.5,0.814814814814815,0.888888888888889,0.625,2.5,1.5,0.5,0.5,0,0.125,0,0
"52",52,2,8.9,1,1,3,2.375,0.0740740740740741,0.555555555555556,0.875,1.66666666666667,2.33333333333333,0.52,0.5,0,0.5,0,0
"53",53,2,1,1,1,2,2.5,0.272727272727273,0.529411764705882,2,1.83333333333333,2.8,1.625,0.521274190562416,0,0.504054415609776,0,0
"54",54,1,4,1,2,2,1.75,0.296296296296296,0.611111111111111,0,2.83333333333333,2.5,1.34782608695652,0.521274190562416,0,0.504054415609776,0,0
"55",55,1,7.9,1,2,3,2,0.307692307692308,0.588235294117647,0.25,2.00726666666667,2.0123580494322,0.904044447615272,0.521274190562416,0,0.504054415609776,0,0
"56",56,1,6.4,1,1,3,2.5,0.307692307692308,0.588235294117647,0.25,2.00726666666667,2.0123580494322,0.904044447615272,0.5,0,0.5,0,0
"57",57,2,2.4,2,1,2,2.625,0.307692307692308,0.588235294117647,0.25,2.00726666666667,2.0123580494322,0.904044447615272,0.5,0,0.5,0,0
"58",58,2,4,2,1,4,2,0,0,1.28571428571429,2.5,0,1.41666666666667,0.5,0,0.5,0,0
"59",59,2,4,1,1,4,2.25,0.666666666666667,1.42857142857143,2,2.66666666666667,0,2.125,0.75,1,0.75,1,0
"60",60,1,4,1,1,3,2.75,0,1.16666666666667,1.4,2.33333333333333,0,0.6,0.625,1,0.625,1,0
"61",61,1,5.6,1,2,2,2.25,0.307692307692308,0.588235294117647,0.25,2.00726666666667,2.0123580494322,0.904044447615272,0.125,0,0.375,0,1
"62",62,1,4.5,1,2,4,2.75,0.296296296296296,0.333333333333333,1.75,3.5,4,2.03703703703704,0.5,0,0.75,1,1
"63",63,2,4.4,1,2,3,2.5,0,0.333333333333333,1,2.83333333333333,3.16666666666667,0.925925925925926,0.625,1,0.5,0,0
"64",64,1,6.6,1,1,3,2.375,0,0.222222222222222,0,2.33333333333333,2.5,0.68,0.625,1,0.375,0,0
"65",65,1,6.6,1,1,3,2.42857142857143,0.307692307692308,0.588235294117647,0.25,2.00726666666667,2.0123580494322,0.904044447615272,0.625,1,0.5,0,0
"66",66,2,6.6,1,2,3,2.14285714285714,0.380952380952381,1.125,0,1.16666666666667,2.16666666666667,0.62962962962963,0.375,0,0.666666666666667,1,1
"67",67,1,4,1,2,3,3,0.173913043478261,0.647058823529412,0.125,2.16666666666667,1.16666666666667,1.07407407407407,0.125,0,0.5,0,1
"68",68,1,10.4,1,1,4,2.25,0.185185185185185,0.277777777777778,0,1.5,3,0.56,0.5,0,0.5,0,0
"69",69,2,1.3,1,1,3,2.875,0,0.388888888888889,0.857142857142857,2,1.66666666666667,1.09090909090909,0.5,0,0.142857142857143,0,0
"70",70,2,1.5,1,1,4,2.875,0.259259259259259,0.166666666666667,1.125,1.16666666666667,1.83333333333333,1,0.5,0,0.4,0,0
"71",71,1,6.3,1,1,3,2.25,0.818181818181818,0.5,0.142857142857143,1.5,1.33333333333333,0.56,0.521274190562416,0,0.504054415609776,0,0
"72",72,2,2.6,1,1,4,2.125,0.230769230769231,0.764705882352941,0.5,1.83333333333333,1.16666666666667,1.08333333333333,0.875,1,0.25,0,0
"73",73,2,0.9,1,1,3,2.5,0.037037037037037,0.111111111111111,0.625,1.83333333333333,1.33333333333333,1.28,0.625,1,0.444444444444444,0,0
"74",74,1,5.9,1,2,4,3.16666666666667,0.947368421052632,0.733333333333333,1.28571428571429,0.333333333333333,1.2,0.538461538461538,0.222222222222222,0,0.5,0,1
"75",75,1,3.5,1,1,3,2.625,0.458333333333333,1.11111111111111,0.25,2,2,0.62962962962963,0.25,0,0.125,0,0
"76",76,2,1.8,1,2,4,2.85714285714286,0.521739130434783,0.5625,0.5,2,2.4,0.962962962962963,0.4,0,0,0,0
"77",77,2,2.5,1,1,3,2.125,0,0.588235294117647,0.25,2.00726666666667,2.0123580494322,0.904044447615272,0.5,0,0.545454545454545,1,1
"78",78,2,2.1,1,2,4,2.5,0.44,0.944444444444444,0.25,1,2.5,1.07407407407407,0.521274190562416,0,0.504054415609776,0,0
"79",79,2,12.1,1,2,4,2.71428571428571,0.894736842105263,1.11764705882353,0,2.5,2,0.962962962962963,0.25,0,0.5,0,1
"80",80,2,6.1,1,1,3,2.125,0.653846153846154,0.5,0,2.33333333333333,2.66666666666667,1.03846153846154,0.5,0,0.5,0,0
"81",81,1,2.3,2,2,4,2.375,0.307692307692308,0.588235294117647,0.25,2.00726666666667,2.0123580494322,0.904044447615272,0.5,0,0.555555555555556,1,1
"82",82,1,1.8,1,2,4,2.71428571428571,0.526315789473684,1,0,2.6,2,1.16,0.5,0,0.5,0,0
"83",83,1,1.9,1,2,3,2.125,0.307692307692308,0.588235294117647,0.25,2.00726666666667,2.0123580494322,0.904044447615272,0.5,0,0.5,0,0
"84",84,1,0.9,1,2,4,2.5,0.307692307692308,0.588235294117647,0.25,2.00726666666667,2.0123580494322,0.904044447615272,0.375,0,0.444444444444444,0,1
"85",85,2,3,1,2,4,2.125,0.454545454545455,1.05882352941176,1,2.33333333333333,2.83333333333333,1.11538461538462,0.521274190562416,0,0.504054415609776,0,0
"86",86,2,1.3,1,1,3,2.375,0.461538461538462,1,0.125,1.66666666666667,1.66666666666667,0.962962962962963,0.444444444444444,0,0.5,0,1
"87",87,2,2,1,1,4,2.625,0.19047619047619,0.705882352941177,0.125,1.16666666666667,2.16666666666667,1.18518518518519,0.428571428571429,0,0.504054415609776,0,0
"88",88,1,1.8,1,2,3,2.42857142857143,0.318181818181818,0.888888888888889,0.125,0.666666666666667,1.66666666666667,0.923076923076923,0.5,0,0.555555555555556,1,1
"89",89,2,4,1,2,3,2.85714285714286,0.0909090909090909,0.611111111111111,0,1.66666666666667,1.25,0.555555555555556,0.25,0,0.504054415609776,0,0
"90",90,1,4.5,1,2,3,2.875,0.0869565217391304,0.5,0,2.33333333333333,1.5,0.615384615384615,0.625,1,0.25,0,0
"91",91,2,2.5,1,2,3,2.5,0.363636363636364,0.588235294117647,0.75,2.83333333333333,2.5,1.40740740740741,0.5,0,0.555555555555556,1,1
"92",92,1,3.9,1,2,2,2.25,0.260869565217391,1.16666666666667,0,1.4,2.33333333333333,0.461538461538462,0.521274190562416,0,0.504054415609776,0,0
"93",93,1,7.9,1,2,4,2.625,0.307692307692308,0.588235294117647,0.25,2.00726666666667,2.0123580494322,0.904044447615272,0.375,0,0.375,0,0
"94",94,1,3.9,2,2,3,2.57142857142857,0.307692307692308,0.588235294117647,0.25,2.00726666666667,2.0123580494322,0.904044447615272,0.625,1,0.504054415609776,0,0
"95",95,1,3.9,1,2,2,2.25,0.307692307692308,0.588235294117647,0.25,2.00726666666667,2.0123580494322,0.904044447615272,0.5,0,0.25,0,0
"96",96,1,3.9,1,2,3,2.33333333333333,0.52,1.17647058823529,1.25,1.6,2.16666666666667,1.58333333333333,0.375,0,0.625,1,1
"97",97,1,3.9,1,2,4,2.375,0.307692307692308,0.470588235294118,0.75,2.4,2,1.42307692307692,0.75,1,0.142857142857143,0,0
"98",98,1,3.9,1,2,4,2.25,0.227272727272727,0.388888888888889,0.25,2,2.66666666666667,1.14814814814815,0.5,0,0.75,1,1
"99",99,2,3.9,1,2,4,2.5,0.869565217391304,1.33333333333333,1.375,2.4,2.16666666666667,1.18518518518519,0.521274190562416,0,0.504054415609776,0,0
"100",100,1,3.9,1,2,2,2.5,0.130434782608696,0.588235294117647,0.25,2.00726666666667,2.0123580494322,0.904044447615272,0.444444444444444,0,0.25,0,0
"101",101,2,3.9,1,1,2,2.625,0.923076923076923,0.588235294117647,0,3.5,1.83333333333333,0.962962962962963,0.5,0,0.375,0,0
"102",102,2,3.9,1,1,3,1.75,1.03703703703704,0.277777777777778,0,2.6,1.66666666666667,0.851851851851852,0.4,0,0,0,0
"103",103,2,3.9,1,1,3,2,0.777777777777778,0.444444444444444,0,2.4,1.16666666666667,0.703703703703704,0.5,0,0.625,1,1
"104",104,1,3.9,1,2,3,2.125,0.851851851851852,1,0.125,2.8,1.8,1,0.625,1,0.625,1,0
"105",105,2,1.9,2,1,3,2.45130662020906,0.307692307692308,0.588235294117647,0.25,2.00726666666667,2.0123580494322,0.904044447615272,0.521274190562416,0,0.8,1,0
"106",106,2,3.9,1,1,4,2,0.307692307692308,0.588235294117647,0.25,2.00726666666667,2.0123580494322,0.904044447615272,0.521274190562416,0,0.504054415609776,0,0
"107",107,2,3.9,1,2,3,2.5,0.307692307692308,0.588235294117647,0.25,2.00726666666667,2.0123580494322,0.904044447615272,0.521274190562416,0,0.2,0,0
"108",108,1,3.9,1,1,4,2.625,0.307692307692308,0.588235294117647,0.25,2.00726666666667,2.0123580494322,0.904044447615272,0.625,1,0.25,0,0
"109",109,1,3.9,1,2,3,2.875,0.444444444444444,1.11111111111111,0.25,1.6,2,0.962962962962963,0.5,0,0.75,1,1
"110",110,2,5.9,1,2,4,2.125,0.56,1.72222222222222,0,1,0.833333333333333,0.666666666666667,0.125,0,0.375,0,1
"111",111,2,3.9,1,2,3,2.71428571428571,0.2,0.142857142857143,0.142857142857143,1.6,1.83333333333333,1.22222222222222,0.5,0,0.5,0,0
"112",112,2,3.9,1,1,3,2.875,0.478260869565217,0.117647058823529,0,2.6,2.33333333333333,1.03703703703704,0.75,1,1,1,1
"113",113,1,6.2,1,2,3,2.45130662020906,0.307692307692308,0.588235294117647,0.25,2.00726666666667,2.0123580494322,0.904044447615272,0.521274190562416,0,0.75,1,0
"114",114,2,6.1,1,2,3,2.75,0.916666666666667,1.13333333333333,1,2.2,3.16666666666667,0.769230769230769,0.521274190562416,0,0.504054415609776,0,0
"115",115,1,0.5,2,2,4,2.375,0.307692307692308,0.588235294117647,0.25,2.00726666666667,2.0123580494322,0.904044447615272,0.521274190562416,0,0.504054415609776,0,0
"116",116,2,1.2,2,1,3,2.25,0.0434782608695652,1.05555555555556,1.5,2.8,1.83333333333333,1.08695652173913,0.5,0,0.625,1,1
"117",117,2,4.2,1,2,3,2.5,0,1.41176470588235,0,1.8,3.5,0.62962962962963,0.777777777777778,1,0.75,1,0
"118",118,2,4.4,1,2,3,2.42857142857143,0.32,0.888888888888889,0.125,2.4,1.83333333333333,1.40740740740741,0.625,1,0.375,0,0
"119",119,1,4.1,1,2,3,2.85714285714286,1.04,1.22222222222222,0.25,2.2,3,1.07407407407407,0.625,1,0.375,0,0
"120",120,2,3.3,1,2,3,2.375,0.55,0.294117647058824,1,1.6,2.66666666666667,0.846153846153846,0.521274190562416,0,0,0,0
"121",121,2,4.9,1,1,3,2.5,0.260869565217391,0.722222222222222,0.875,3,3.4,1.37037037037037,0.5,0,0.5,0,0
"122",122,1,3.9,1,2,4,2.14285714285714,0.863636363636364,2.23529411764706,0.125,2.8,1.66666666666667,0.888888888888889,0.75,1,0.25,0,0
"123",123,2,4.5,2,1,4,2.375,0.307692307692308,0.588235294117647,0.25,2.00726666666667,2.0123580494322,0.904044447615272,0.521274190562416,0,0.504054415609776,0,0
"124",124,2,3.5,1,2,3,2,0.458333333333333,0.466666666666667,0.125,1.16666666666667,1,0.444444444444444,0.5,0,0.5,0,0
"125",125,1,2.6,1,2,4,2,0.307692307692308,0.588235294117647,0.25,2.00726666666667,2.0123580494322,0.904044447615272,0.375,0,0.5,0,1
"126",126,2,3.5,1,2,5,2.625,0.307692307692308,0.588235294117647,0.25,2.00726666666667,2.0123580494322,0.904044447615272,0.625,1,0.75,1,1
"127",127,1,1.6,1,2,3,2.375,0.590909090909091,0.647058823529412,1.42857142857143,3.16666666666667,2.16666666666667,1.16666666666667,0.75,1,0.666666666666667,1,0
"128",128,1,3.5,1,2,1,2.16666666666667,0.217391304347826,0.529411764705882,0,1.83333333333333,1.16666666666667,0.592592592592593,0.521274190562416,0,0.504054415609776,0,0
"129",129,2,1.2,1,2,3,2.25,0.307692307692308,0.588235294117647,0.25,2.00726666666667,2.0123580494322,0.904044447615272,0.521274190562416,0,0.504054415609776,0,0
"130",130,1,1.4,1,2,4,2.375,0.173913043478261,0.277777777777778,0.25,1.4,1.83333333333333,0.814814814814815,0.75,1,0.75,1,0
"131",131,2,1.3,1,1,3,2.375,0.619047619047619,0.5,1.125,2.5,2.33333333333333,1.38461538461538,0.5,0,0.5,0,0
"132",132,1,11,1,2,3,2.14285714285714,0.409090909090909,0.75,0.25,1.83333333333333,1.16666666666667,1.11538461538462,0.625,1,0.5,0,0
"133",133,2,6.9,1,2,3,2,0.307692307692308,0.588235294117647,0.25,2.00726666666667,2.0123580494322,0.904044447615272,0.375,0,0.5,0,1
"134",134,1,9.3,1,1,4,2.5,0.307692307692308,0.588235294117647,0.25,2.00726666666667,2.0123580494322,0.904044447615272,0.521274190562416,0,0.504054415609776,0,0
"135",135,2,2.2,1,2,3,2.625,0.307692307692308,0.588235294117647,0.25,2.00726666666667,2.0123580494322,0.904044447615272,0,0,0.504054415609776,0,0
"136",136,1,7.8,1,1,4,2,0.5,0.888888888888889,1.5,2.5,1.83333333333333,0.814814814814815,0.5,0,0.5,0,0
"137",137,2,1.9,2,2,3,2.375,0.0869565217391304,0.666666666666667,1,2.4,2.33333333333333,1.16666666666667,0.5,0,0.625,1,1
"138",138,2,5.7,1,2,3,2.625,0,0.944444444444444,0.5,2.33333333333333,2.33333333333333,0.555555555555556,0.5,0,0.5,0,0
"139",139,1,1.3,1,1,3,2.71428571428571,0.565217391304348,0.823529411764706,1,2.33333333333333,3.16666666666667,1.88461538461538,0.375,0,0.5,0,1
"140",140,2,5,1,2,5,2.375,0,1.38888888888889,1.25,3.16666666666667,2.83333333333333,1.22222222222222,0.375,0,0.5,0,1
"141",141,2,1.6,1,2,2,2.5,0.307692307692308,0.588235294117647,0.25,2.00726666666667,2.0123580494322,0.904044447615272,0.75,1,0.444444444444444,0,0
"142",142,2,0.7,2,2,3,2.125,0.173913043478261,0.611111111111111,1.125,1.5,1.2,1.5,0.333333333333333,0,0.75,1,1
"143",143,2,5.9,1,2,5,2.625,0.565217391304348,0.777777777777778,0.5,1.83333333333333,2,0.481481481481481,0.625,1,0.75,1,1
"144",144,2,2.5,1,2,3,2.57142857142857,0.269230769230769,1.41176470588235,0.5,2,1,0.846153846153846,0.25,0,0.75,1,1
"145",145,1,0.9,1,2,4,2.5,0.307692307692308,0.588235294117647,0.25,2.00726666666667,2.0123580494322,0.904044447615272,0.5,0,0.5,0,0
"146",146,1,6.1,1,1,3,2.66666666666667,0.307692307692308,0.588235294117647,0.25,2.00726666666667,2.0123580494322,0.904044447615272,0.521274190562416,0,0.504054415609776,0,0
"147",147,1,6.3,1,1,2,1.75,0.307692307692308,0.588235294117647,0.25,2.00726666666667,2.0123580494322,0.904044447615272,0.521274190562416,0,0.504054415609776,0,0
"148",148,2,9.9,1,2,2,1.375,0.307692307692308,0.588235294117647,0.25,2.00726666666667,2.0123580494322,0.904044447615272,0.444444444444444,0,0.428571428571429,0,0
"149",149,1,7.9,1,1,3,2.5,0.307692307692308,0.588235294117647,0.25,2.00726666666667,2.0123580494322,0.904044447615272,0.75,1,0.625,1,0
"150",150,1,2.1,1,1,3,2.375,0.307692307692308,0.588235294117647,0.25,2.00726666666667,2.0123580494322,0.904044447615272,0.521274190562416,0,0.504054415609776,0,0
"151",151,2,6.3,1,1,3,2.375,0.142857142857143,0.882352941176471,0,3.16666666666667,2.83333333333333,0.962962962962963,0.625,1,0.5,0,0
"152",152,1,7.1,1,1,5,2.625,0.307692307692308,0.588235294117647,0.25,2.00726666666667,2.0123580494322,0.904044447615272,0.5,0,0.875,1,1
"153",153,2,10.2,1,2,4,2.5,0.555555555555556,1,0.625,1.5,2.83333333333333,0.814814814814815,0.521274190562416,0,0.504054415609776,0,0
"154",154,1,11.8,1,2,4,2.75,0.409090909090909,0.588235294117647,0,2.8,1.83333333333333,0.814814814814815,0.375,0,0.625,1,1
"155",155,2,7.7,1,2,4,2,1.08695652173913,1.5,1.75,2.16666666666667,2.83333333333333,1.07407407407407,0.4,0,0.285714285714286,0,0
"156",156,2,5.8,1,2,4,2.25,0.296296296296296,0.444444444444444,1,2.83333333333333,1.33333333333333,1.07407407407407,0.666666666666667,1,0.504054415609776,0,0
"157",157,1,3,1,2,5,2.375,0.384615384615385,0.117647058823529,0.625,3.16666666666667,3.16666666666667,1.24,0.521274190562416,0,0.504054415609776,0,0
"158",158,1,4.4,1,2,3,3,0.666666666666667,0.8,0,2.5,1.25,1,0.875,1,0.625,1,0
"159",159,1,9.7,1,2,2,2.375,0.37037037037037,0.333333333333333,0,2,2.16666666666667,0.962962962962963,0.521274190562416,0,0.504054415609776,0,0
"160",160,2,3.4,1,2,3,2.57142857142857,0.0416666666666667,0.470588235294118,1.125,2.33333333333333,0.666666666666667,1.59259259259259,0.875,1,0.75,1,0
"161",161,2,4.8,1,1,2,2.57142857142857,0.307692307692308,0.588235294117647,0.25,2.00726666666667,2.0123580494322,0.904044447615272,0.5,0,0.25,0,0
"162",162,1,7.7,1,1,4,2.5,0.307692307692308,0.588235294117647,0.25,2.00726666666667,2.0123580494322,0.904044447615272,0.285714285714286,0,0.5,0,1
"163",163,2,8.8,1,2,4,2.125,0.307692307692308,0.588235294117647,0.25,2.00726666666667,2.0123580494322,0.904044447615272,0.625,1,0.5,0,0
"164",164,2,8.2,1,1,4,2.625,0.346153846153846,0.222222222222222,0,1.33333333333333,0.833333333333333,0.37037037037037,0.5,0,0.5,0,0
"165",165,2,7.8,1,1,3,2.5,0,0.5,0,0.833333333333333,0.8,0.555555555555556,0.75,1,0.75,1,0
"166",166,1,3.1,1,1,4,3.25,0.565217391304348,1.29411764705882,0.125,2.83333333333333,2.16666666666667,1,0.375,0,0.375,0,0
"167",167,2,4.8,1,1,3,2,0.307692307692308,0.588235294117647,0.25,2.00726666666667,2.0123580494322,0.904044447615272,0.521274190562416,0,0.504054415609776,0,0
"168",168,1,4.2,1,1,2,2,0.259259259259259,0.277777777777778,0.125,1.8,1.5,1.03703703703704,0.625,1,0.504054415609776,0,0
"169",169,2,3.2,1,1,4,2.75,1.18518518518519,0.222222222222222,1.5,2,3.5,1.26315789473684,0.75,1,0.75,1,0
"170",170,2,7.5,1,1,3,2.625,0.173913043478261,0.722222222222222,0.5,1.5,2,1,0.5,0,0.5,0,0
"171",171,1,3.3,1,2,3,2.125,0.19047619047619,1.29411764705882,0.125,2.6,1.66666666666667,1.14814814814815,0.5,0,0.5,0,0
"172",172,2,0.5,1,2,2,2.42857142857143,1.70588235294118,1.64705882352941,0.75,3.8,2.8,1.52173913043478,0.5,0,0.5,0,0
"173",173,2,1.7,1,2,2,3.25,1.11111111111111,1,0.75,3,4,1.68,1,1,0.625,1,0
"174",174,2,7.2,1,2,3,1.875,0.307692307692308,0.588235294117647,0.25,2.00726666666667,2.0123580494322,0.904044447615272,0.521274190562416,0,0.504054415609776,0,0
"175",175,2,1.4,1,1,4,2.5,0.181818181818182,0.5,1.125,2.2,2.6,1.46153846153846,0.125,0,0.5,0,1
"176",176,2,5.5,1,1,3,2.375,0.222222222222222,0.5,0,1.8,3,0.740740740740741,0.5,0,0.714285714285714,1,1
"177",177,1,1.8,1,1,4,2.375,0.62962962962963,0.777777777777778,1.83333333333333,3,3,1.84615384615385,0.375,0,0.375,0,0
"178",178,1,4.7,1,1,4,2,0.423076923076923,0.333333333333333,0.125,1.25,1.5,0.875,0.521274190562416,0,0.504054415609776,0,0
"179",179,1,3.2,1,2,3,2.5,0.0869565217391304,0.5,0,2.4,2.4,0.730769230769231,0.625,1,0.375,0,0
"180",180,1,2.3,1,1,4,2.75,0.423076923076923,0.375,0.428571428571429,2.6,2.6,1.42105263157895,0.521274190562416,0,0.504054415609776,0,0
"181",181,2,6.3,1,1,3,1.875,0.481481481481481,0.166666666666667,0.625,2.00726666666667,2.0123580494322,0.904044447615272,0.375,0,0.25,0,0
"182",182,2,5.2,1,2,3,2.875,0.037037037037037,0.166666666666667,0.25,3.8,1.33333333333333,1.59259259259259,0.5,0,0.5,0,0
"183",183,1,2.1,1,2,2,2.5,0.565217391304348,0.722222222222222,0.25,2.2,2.33333333333333,1.30769230769231,0.521274190562416,0,0.375,0,0
"184",184,1,7.8,1,1,4,2.5,0.956521739130435,1,1.25,3.83333333333333,3.16666666666667,1.625,0.625,1,0.625,1,0
"185",185,1,4.5,1,2,3,2.625,0.518518518518518,0.222222222222222,0.25,3,1.33333333333333,1.11111111111111,0.625,1,0.75,1,1
"186",186,1,1.9,1,2,4,2.375,0.222222222222222,0.941176470588235,1,2.8,1.8,1.44444444444444,0.375,0,0.375,0,0
"187",187,1,5,1,1,3,2.5,0.217391304347826,1.16666666666667,0,1.4,1.83333333333333,0.407407407407407,0.521274190562416,0,0.504054415609776,0,0
"188",188,2,5.9,1,1,4,2,0.19047619047619,0.636363636363636,0.142857142857143,1.16666666666667,0,0.555555555555556,0.625,1,0.625,1,0
"189",189,2,5.3,1,2,3,2.8,0.884615384615385,1,0.125,2.83333333333333,3.66666666666667,0.259259259259259,0.521274190562416,0,0,0,0
"190",190,2,7.8,1,1,3,2.66666666666667,0.75,1.82352941176471,1.14285714285714,1.83333333333333,1.83333333333333,1.07407407407407,0.875,1,0.625,1,0
"191",191,1,4.4,1,2,3,2.375,0.307692307692308,0.588235294117647,0.25,2.00726666666667,2.0123580494322,0.904044447615272,0.5,0,0.25,0,0
"192",192,2,4.5,1,1,4,2.125,0.037037037037037,0.666666666666667,1.25,2.2,2.16666666666667,0.555555555555556,0.666666666666667,1,0.504054415609776,0,0
"193",193,1,2,1,2,2,2.25,0.25,1.05555555555556,0.25,2.6,2,0.62962962962963,0.521274190562416,0,0.666666666666667,1,0
"194",194,2,4.2,1,2,2,2.125,0.037037037037037,0,0,2.33333333333333,1.2,0.740740740740741,0.25,0,0.5,0,1
"195",195,2,2,1,1,2,2.25,0.0384615384615385,0.588235294117647,0.875,2.5,2.16666666666667,0.925925925925926,0.521274190562416,0,0.504054415609776,0,0
"196",196,1,10.3,1,2,4,2.625,0.555555555555556,0.777777777777778,0,3.6,2.83333333333333,0.703703703703704,0.521274190562416,0,0.504054415609776,0,0
"197",197,1,1.3,1,2,4,2.5,0.0434782608695652,0.941176470588235,0.25,1.8,2.16666666666667,1.40740740740741,0.521274190562416,0,0.504054415609776,0,0
"198",198,1,6.7,1,2,2,2.14285714285714,0.307692307692308,0.588235294117647,0.25,2.00726666666667,2.0123580494322,0.904044447615272,0.521274190562416,0,0.504054415609776,0,0
"199",199,2,2.5,1,2,4,2.5,0.037037037037037,0.166666666666667,1.125,2.2,2.33333333333333,0.740740740740741,0,0,0.25,0,1
"200",200,2,12.7,1,2,3,3.125,0.0434782608695652,0.705882352941177,0.125,1.33333333333333,2,1.23809523809524,0.521274190562416,0,0.504054415609776,0,0
"201",201,2,5.4,1,1,3,2,0.222222222222222,0.222222222222222,2.125,2.5,2,1.61538461538462,0.521274190562416,0,0.504054415609776,0,0
"202",202,2,5.4,1,1,4,2,0.307692307692308,0.352941176470588,2.16666666666667,3.2,1.66666666666667,1.5,0.625,1,1,1,1
"203",203,1,1.2,1,2,4,2.25,0.05,0.411764705882353,0,1.6,2.8,0.88,0.5,0,0.625,1,1
"204",204,2,7.5,1,2,4,2.375,0,0.875,2.66666666666667,0.166666666666667,1.66666666666667,0.230769230769231,0.625,1,0,0,0
"205",205,2,1.3,2,1,3,2.25,0.0869565217391304,0.333333333333333,1.25,3,3.16666666666667,1.03846153846154,0.5,0,0.625,1,1
"206",206,2,7.9,1,2,4,2.25,0.173913043478261,0.611111111111111,0.75,2.4,2.66666666666667,0.518518518518518,0.75,1,0.5,0,0
"207",207,1,1.7,1,1,4,2.75,0.185185185185185,0.722222222222222,0.25,4,2.5,2.15384615384615,0.625,1,0.5,0,0
"208",208,1,2.7,2,1,3,1.75,0.307692307692308,0.588235294117647,0.25,2.00726666666667,2.0123580494322,0.904044447615272,0.521274190562416,0,0.504054415609776,0,0
"209",209,1,3.9,1,2,4,2.375,0.307692307692308,0.588235294117647,0.25,2.00726666666667,2.0123580494322,0.904044447615272,0.5,0,0.4,0,0
"210",210,1,2.4,1,2,3,2.85714285714286,0,0.8,0,1.8,1.83333333333333,0.56,0.521274190562416,0,0.504054415609776,0,0
"211",211,1,2.2,1,1,3,2.5,0.5,0.588235294117647,0.428571428571429,2.16666666666667,2.5,0.91304347826087,0.5,0,0.25,0,0
"212",212,1,2.6,1,1,4,1.875,0.307692307692308,0.588235294117647,0.25,2.00726666666667,2.0123580494322,0.904044447615272,0.25,0,0.625,1,1
"213",213,2,4.7,1,2,4,2.42857142857143,0.307692307692308,0.588235294117647,0.25,2.00726666666667,2.0123580494322,0.904044447615272,0.625,1,0.75,1,1
"214",214,1,4.6,1,2,4,2.57142857142857,0.307692307692308,0.588235294117647,0.25,2.00726666666667,2.0123580494322,0.904044447615272,0.5,0,0.504054415609776,0,0
"215",215,1,4.8,1,1,3,2.375,0.6,0.2,0,1.66666666666667,1.83333333333333,1.25925925925926,0.5,0,0.625,1,1
"216",216,1,1.5,1,1,3,2.375,0.407407407407407,0.666666666666667,0,1.33333333333333,1.66666666666667,0.703703703703704,0.521274190562416,0,0.504054415609776,0,0
"217",217,2,0.5,1,2,2,2.5,0.307692307692308,1.17647058823529,0,1.5,3,0.458333333333333,0.375,0,0.5,0,1
"218",218,2,8.2,1,2,3,2.5,0.884615384615385,0.823529411764706,0.125,2.83333333333333,1.5,0.777777777777778,0.5,0,0.5,0,0
"219",219,1,2.1,1,2,4,3,0,1.27272727272727,0.142857142857143,0.5,2,0.333333333333333,0.521274190562416,0,0.504054415609776,0,0
"220",220,2,0.6,2,1,2,2.5,0.636363636363636,1,2,2,2.8,1.30769230769231,0.521274190562416,0,0.333333333333333,0,0
"221",221,2,1,1,2,3,2.625,0.0869565217391304,1.64705882352941,2,2,1.66666666666667,1.37037037037037,0.375,0,0.25,0,0
"222",222,2,1.2,2,2,4,2.25,0.307692307692308,0.588235294117647,0.25,2.00726666666667,2.0123580494322,0.904044447615272,0.521274190562416,0,0.714285714285714,1,0
"223",223,2,2.4,1,1,3,3.16666666666667,0.05,0.176470588235294,0.75,1.5,2.5,0.909090909090909,0.75,1,0.375,0,0
"224",224,1,5,1,2,3,2.875,0.0909090909090909,0,0.25,2,1.5,0.4,0.5,0,0,0,0
"225",225,2,2.3,1,2,4,2.75,1.48148148148148,0.611111111111111,0.625,3,3.2,2.26923076923077,0.25,0,0.375,0,1
"226",226,1,4.5,1,2,4,2.25,1.03703703703704,1.5,0.125,2.66666666666667,1.75,0.769230769230769,0.521274190562416,0,0.504054415609776,0,0
"227",227,1,3.4,1,2,3,2.375,0.307692307692308,0.588235294117647,0.25,2.00726666666667,2.0123580494322,0.904044447615272,0.5,0,0,0,0
"228",228,1,6.1,1,1,3,2.25,0.384615384615385,0.444444444444444,0,1.83333333333333,1.5,1.48148148148148,0.75,1,0.5,0,0
"229",229,2,2.4,1,2,4,2.625,0.956521739130435,0.9375,2,3,2.8,1.21739130434783,0.521274190562416,0,0.504054415609776,0,0
"230",230,2,2.1,1,1,3,2.25,0.307692307692308,0.588235294117647,0.25,2.00726666666667,2.0123580494322,0.904044447615272,0,0,0.5,0,1
"231",231,2,5.3,1,1,3,2.25,0.333333333333333,0.888888888888889,1.14285714285714,2,1.5,0.72,0.375,0,0,0,0
"232",232,1,1.7,2,2,4,2.5,0,0.0588235294117647,1.125,1.4,1.66666666666667,0.346153846153846,0.5,0,0.75,1,1
"233",233,1,1.6,2,2,1,2.625,0,0,0,0.833333333333333,1.16666666666667,0.153846153846154,0.444444444444444,0,0.5,0,1
"234",234,1,1.6,1,2,4,2.85714285714286,0.222222222222222,0.444444444444444,0.25,1,2.33333333333333,0.259259259259259,0,0,0.5,0,1
"235",235,1,1.6,2,2,3,2.375,0,0.176470588235294,0.285714285714286,3,3.66666666666667,1.2,1,1,0.75,1,0
"236",236,1,1.6,2,2,2,2.5,0,0.166666666666667,0,3,1.66666666666667,0.576923076923077,0.5,0,0.375,0,0
"237",237,1,1.5,2,2,3,1.625,0,0.333333333333333,0,1,0.833333333333333,0.0740740740740741,0.25,0,0.375,0,1
"238",238,1,1.5,2,2,3,2.71428571428571,0,0.125,0.375,1.16666666666667,1.83333333333333,0.2,0.5,0,0.6,1,1
"239",239,1,1.5,2,1,3,2.625,0,0.588235294117647,0,0.333333333333333,1.2,0.111111111111111,0.375,0,0.375,0,0
"240",240,1,1.3,2,2,3,2.625,0.0740740740740741,0.111111111111111,0,1.16666666666667,0.666666666666667,0.296296296296296,0.5,0,0.125,0,0
"241",241,1,1.5,1,1,3,3,0,0,0,0.666666666666667,1.66666666666667,0.115384615384615,0.5,0,0.25,0,0
"242",242,1,1.5,2,2,3,2.25,0,0.166666666666667,0.25,1.33333333333333,1.66666666666667,0.583333333333333,0.5,0,0.875,1,1
"243",243,2,1.5,2,1,5,2.5,0,0.166666666666667,0.25,1,1.33333333333333,0.384615384615385,0.5,0,0.375,0,0
"244",244,1,1.5,2,2,3,2.625,0.0740740740740741,1.05882352941176,0.625,2,2.66666666666667,0.814814814814815,0.25,0,0.375,0,1
"245",245,1,1.5,2,2,5,2.625,0,0.294117647058824,0.125,1.33333333333333,1.5,0.037037037037037,0.5,0,0.504054415609776,0,0
"246",246,1,1.4,1,2,2,2.5,0.148148148148148,0.333333333333333,0,0.666666666666667,0.833333333333333,0.64,0.375,0,0.5,0,1
"247",247,2,1.4,1,1,3,2.375,0,0.111111111111111,0.5,1.16666666666667,1.4,0.851851851851852,0.5,0,0.375,0,0
"248",248,1,1.4,2,1,2,2.125,0,0.111111111111111,0.125,0.833333333333333,1,0,0.5,0,0.75,1,1
"249",249,1,1.5,2,2,4,3,0,0.0555555555555556,0,1.16666666666667,2,0.148148148148148,0.5,0,0.5,0,0
"250",250,1,1.5,2,2,2,2.5,0.037037037037037,0.277777777777778,0.25,0.5,2.5,0.869565217391304,0.521274190562416,0,0.504054415609776,0,0
"251",251,2,1.5,1,2,3,2.57142857142857,0,0.555555555555556,0.5,0.666666666666667,0.333333333333333,0.37037037037037,0.375,0,0.5,0,1
"252",252,2,1.5,1,2,3,2.25,0,0,0,1.16666666666667,1.16666666666667,0.111111111111111,0.75,1,0.5,0,0
"253",253,2,1.4,2,2,4,2.375,0,0.444444444444444,1.66666666666667,0.666666666666667,1.66666666666667,0.380952380952381,0.521274190562416,0,0.504054415609776,0,0
"254",254,2,1.4,1,1,3,2.5,0,0.277777777777778,0,1.16666666666667,1.66666666666667,0.481481481481481,0.521274190562416,0,0,0,0
"255",255,2,1.4,1,2,4,2.375,0.307692307692308,0.588235294117647,0.25,2.00726666666667,2.0123580494322,0.904044447615272,0.5,0,0.5,0,0
"256",256,1,1.3,2,2,4,2.57142857142857,0,0,0,1,1.66666666666667,0.269230769230769,0.5,0,0.375,0,0
"257",257,1,1.3,2,2,3,2.75,0,0.222222222222222,0,1.33333333333333,1.33333333333333,0.384615384615385,0.333333333333333,0,0,0,0
"258",258,1,5,1,1,4,2.75,0.333333333333333,0.5,0.125,1.66666666666667,2.5,0.888888888888889,0.5,0,0.125,0,0
"259",259,2,12.8,1,1,3,3,1.17391304347826,1.11764705882353,1,2.33333333333333,1.5,1.03703703703704,0.5,0,0.5,0,0
"260",260,2,3.8,1,1,3,2.875,0,0.166666666666667,0,3,2.16666666666667,0.615384615384615,0.5,0,0.5,0,0
"261",261,1,2.4,1,2,3,2.625,0,0.833333333333333,0.875,0.833333333333333,1.66666666666667,1.22222222222222,0.625,1,0.125,0,0
"262",262,2,1.5,1,1,3,3,0.318181818181818,0.444444444444444,0.5,1.83333333333333,3,1.11111111111111,0.375,0,0.5,0,1
"263",263,1,2.2,1,1,2,2.28571428571429,0.185185185185185,0.777777777777778,0.428571428571429,1.5,2.5,1.03703703703704,0.625,1,0.625,1,0
"264",264,1,3.4,1,1,3,2.28571428571429,0.0454545454545455,0.611111111111111,0.375,2,1.33333333333333,0.56,0.625,1,0.5,0,0
"265",265,1,4.4,1,2,4,2.625,0.318181818181818,0.529411764705882,0.375,2,2.33333333333333,1.42307692307692,1,1,0.8,1,0
"266",266,2,2.8,1,1,3,2.625,0.153846153846154,0.166666666666667,0.125,2,3,0.958333333333333,0.625,1,0.625,1,0
"267",267,1,1.9,1,1,4,2.75,0.148148148148148,0.411764705882353,0.375,2,1.16666666666667,1.03703703703704,0.5,0,0.5,0,0
"268",268,2,1.8,1,2,3,2.5,1.13636363636364,0.882352941176471,0.375,3.16666666666667,3,0.958333333333333,0.75,1,0.5,0,0
"269",269,2,2.7,1,1,2,2.57142857142857,0.111111111111111,0.444444444444444,1.25,3.16666666666667,2,0.92,0.875,1,0.5,0,0
"270",270,2,4.9,1,2,3,2.75,0.777777777777778,0.647058823529412,1.25,2.83333333333333,2.83333333333333,1.37037037037037,0.625,1,0.375,0,0
"271",271,1,8.2,1,2,4,2.625,0.333333333333333,0.444444444444444,0,1.66666666666667,1.83333333333333,1,0.75,1,0.625,1,0
"272",272,2,2.3,1,2,3,2.625,0.590909090909091,1.41176470588235,0.375,3.16666666666667,3,1.07692307692308,0.5,0,0.5,0,0
"273",273,1,5.9,1,2,4,2.5,0.521739130434783,0.8125,0.25,1.66666666666667,2.5,0.708333333333333,0.5,0,0.625,1,1
"274",274,2,4.3,1,2,4,2.625,0.37037037037037,0.277777777777778,1.28571428571429,3.5,2.66666666666667,0.80952380952381,0.375,0,0.5,0,1
"275",275,2,7.7,1,1,3,2.625,0.703703703703704,0,0,3.66666666666667,2.5,1.07407407407407,0.75,1,0.75,1,0
"276",276,1,3.6,1,1,4,3.57142857142857,0.818181818181818,1.94444444444444,0,3,2.5,1.14814814814815,0.5,0,0.25,0,0
"277",277,1,3.9,1,2,2,2,0.925925925925926,1.88888888888889,0.125,1.83333333333333,2.33333333333333,1.22222222222222,0.521274190562416,0,1,1,0
"278",278,2,7.4,1,2,3,2.5,0.545454545454545,0.611111111111111,0.875,1.83333333333333,2.33333333333333,0.769230769230769,0.571428571428571,1,0.875,1,1
"279",279,1,8.5,1,2,3,2.375,0.555555555555556,0.833333333333333,0,2.66666666666667,1.83333333333333,1.11111111111111,0.75,1,0.504054415609776,0,0
"280",280,2,7.3,1,1,4,2.85714285714286,0.192307692307692,0.277777777777778,0,2,3,0.222222222222222,0.75,1,0.5,0,0
"281",281,1,3.4,1,1,3,2.45130662020906,0.307692307692308,0.588235294117647,0.25,2.00726666666667,2.0123580494322,0.904044447615272,0.5,0,0.75,1,1
"282",282,1,1.7,2,1,3,2.5,0.148148148148148,0.714285714285714,0,2,2.16666666666667,0.807692307692308,0.5,0,0.5,0,0
"283",283,2,11.5,1,1,4,2.5,0,0.294117647058824,0,2.33333333333333,1.66666666666667,0.62962962962963,0.5,0,0.625,1,1
"284",284,2,2.2,1,1,3,2.875,0.148148148148148,0,0,3,1.5,1,0.5,0,0.504054415609776,0,0
"285",285,1,14,1,1,4,2.375,0.296296296296296,0.5,1.33333333333333,1,2.83333333333333,0.739130434782609,0.625,1,0.5,0,0
"286",286,2,6.4,1,2,4,2.45130662020906,0.307692307692308,0.588235294117647,0.25,2.00726666666667,2.0123580494322,0.904044447615272,0.5,0,0.375,0,0
"287",287,2,3.5,2,1,3,2.71428571428571,0.0869565217391304,0.0555555555555556,0,1.33333333333333,2.33333333333333,0.56,0.25,0,0.625,1,1
"288",288,2,2,1,2,3,2.125,0.608695652173913,0.470588235294118,0.375,1.83333333333333,1.83333333333333,0.518518518518518,0.625,1,0.504054415609776,0,0
"289",289,2,3.3,2,1,3,2.125,0.307692307692308,0.588235294117647,0.25,2.00726666666667,2.0123580494322,0.904044447615272,0.5,0,0.625,1,1
"290",290,2,6.4,1,2,4,2.625,0.217391304347826,0.294117647058824,0,2.16666666666667,0.333333333333333,1.2962962962963,0.5,0,0.5,0,0
"291",291,2,3.8,2,1,3,2.75,0.130434782608696,0.444444444444444,0,2.33333333333333,2.33333333333333,0.518518518518518,0.5,0,0.5,0,0
"292",292,2,2.2,1,1,3,2.25,0.555555555555556,1.52941176470588,1,4,2.66666666666667,1.14814814814815,0.875,1,0.875,1,0
"293",293,1,3.9,1,2,4,2.125,0.259259259259259,0.666666666666667,0,1.16666666666667,0.5,0.592592592592593,0.5,0,0.375,0,0
"294",294,1,9.6,1,1,3,2.75,0.409090909090909,1.06666666666667,0.125,1.5,1.5,0.62962962962963,0.375,0,0.875,1,1
"295",295,1,5.5,2,2,3,2.625,0.307692307692308,0.588235294117647,0.25,2.00726666666667,2.0123580494322,0.904044447615272,0.521274190562416,0,0.504054415609776,0,0
"296",296,1,7.5,1,2,2,2.5,0.631578947368421,1.5625,0,1.33333333333333,3,1.42857142857143,0.5,0,0.5,0,0
"297",297,2,8.5,1,1,3,1.875,0.307692307692308,0.588235294117647,0.25,2.00726666666667,2.0123580494322,0.904044447615272,0.75,1,0.375,0,0
"298",298,1,1.2,2,1,4,2.57142857142857,0.695652173913043,1.55555555555556,0.5,1.66666666666667,2.33333333333333,1.34615384615385,0.521274190562416,0,0.504054415609776,0,0
"299",299,2,3.1,1,2,4,2.5,1.2,0.611111111111111,0.375,3,1.16666666666667,1.2962962962963,0.25,0,0.25,0,0
"300",300,1,1.4,1,1,3,3.42857142857143,0,0.0588235294117647,0,1,0.833333333333333,0.407407407407407,0.5,0,0.5,0,0
"301",301,1,5.2,1,2,4,2.25,0.807692307692308,1.47058823529412,0,1.83333333333333,0.666666666666667,0.777777777777778,0.5,0,0.5,0,0
"302",302,1,11.9,1,1,3,2.125,0.307692307692308,0.588235294117647,0.25,2.00726666666667,2.0123580494322,0.904044447615272,0.5,0,0.75,1,1
"303",303,2,4.8,1,1,4,1.5,0.15,1.11111111111111,2.5,2,3.16666666666667,1.23076923076923,0.521274190562416,0,0.504054415609776,0,0
"304",304,2,4.5,1,2,5,2.875,0.0952380952380952,0.411764705882353,0.125,1,1.16666666666667,0.739130434782609,0.5,0,1,1,1
"305",305,2,3,1,2,3,2.25,0.272727272727273,0.588235294117647,0,1.66666666666667,2,0.851851851851852,0.625,1,0.555555555555556,1,0
"306",306,2,2,1,2,4,2.875,0.904761904761905,0.764705882352941,0.75,2.33333333333333,1.66666666666667,2.14814814814815,0.5,0,0.5,0,0
"307",307,2,6.2,1,1,4,3,0.5,0.470588235294118,0,1.5,1.8,0.961538461538462,1,1,0.875,1,0
"308",308,2,8.3,1,2,3,2.5,0.307692307692308,0.588235294117647,0.25,2.00726666666667,2.0123580494322,0.904044447615272,0.5,0,0.5,0,0
"309",309,1,1.7,1,2,3,2.75,0.307692307692308,0.588235294117647,0.25,2.00726666666667,2.0123580494322,0.904044447615272,1,1,0.625,1,0
"310",310,2,3.2,1,2,3,2.625,0.307692307692308,0.588235294117647,0.25,2.00726666666667,2.0123580494322,0.904044447615272,0.521274190562416,0,0.504054415609776,0,0
"311",311,2,2.4,1,1,3,2.71428571428571,0.148148148148148,0.444444444444444,0,2.33333333333333,3.6,1.40740740740741,0.5,0,0.625,1,1
"312",312,1,10.6,1,2,2,2.25,0.307692307692308,0.588235294117647,0.25,2.00726666666667,2.0123580494322,0.904044447615272,0.625,1,0.571428571428571,1,0
"313",313,1,10.9,1,1,4,2.5,0.444444444444444,0.555555555555556,1.125,1.66666666666667,1.83333333333333,1.14814814814815,1,1,0.5,0,0
"314",314,1,9.1,1,2,4,2.625,0.37037037037037,1.55555555555556,1,2,3.33333333333333,1.03703703703704,0.521274190562416,0,0.504054415609776,0,0
"315",315,2,9.8,1,2,3,2.625,0.851851851851852,1.22222222222222,0.375,1.83333333333333,1.33333333333333,1.43478260869565,0.5,0,1,1,1
"316",316,1,9.1,1,1,4,2.25,0.307692307692308,0.588235294117647,0.25,2.00726666666667,2.0123580494322,0.904044447615272,0.625,1,0.428571428571429,0,0
"317",317,1,11.3,1,2,4,2.71428571428571,0.307692307692308,0.235294117647059,0,1.33333333333333,1.16666666666667,0.518518518518518,0.521274190562416,0,0.504054415609776,0,0
"318",318,2,4.6,1,1,3,2.5,0.222222222222222,0.277777777777778,0.125,1.83333333333333,1.16666666666667,0.923076923076923,0.75,1,0.5,0,0
"319",319,1,7,1,1,3,2.125,0.407407407407407,1.72222222222222,0.25,2.5,1.5,1.62962962962963,0.75,1,0.625,1,0
"320",320,2,4.9,1,2,4,2.75,0.222222222222222,0.823529411764706,0.25,1.66666666666667,1.83333333333333,0.851851851851852,0.5,0,0.625,1,1
"321",321,1,2.1,1,1,1,2.875,0.0384615384615385,0.444444444444444,0,2,2,1.07692307692308,0.375,0,0.625,1,1
"322",322,2,9.1,1,1,4,2.5,0.037037037037037,0.411764705882353,0,1,0.333333333333333,0.888888888888889,0.5,0,0.5,0,0
"323",323,2,11.5,1,2,3,2.57142857142857,0.7,0.933333333333333,0,1.66666666666667,1.5,0.62962962962963,0.5,0,0.625,1,1
"324",324,1,4.5,1,1,2,2.5,0.3,0.6,0,2.5,0.833333333333333,0.923076923076923,1,1,0.75,1,0
"325",325,2,1.6,2,2,4,2.375,0.307692307692308,0.588235294117647,0.25,2.00726666666667,2.0123580494322,0.904044447615272,0.375,0,0.75,1,1
"326",326,2,2.7,1,1,5,3.16666666666667,0.307692307692308,0.588235294117647,0.25,2.00726666666667,2.0123580494322,0.904044447615272,0.25,0,0.375,0,1
"327",327,1,1.5,1,2,4,2.5,0.307692307692308,0.588235294117647,0.25,2.00726666666667,2.0123580494322,0.904044447615272,0.375,0,0.375,0,0
"328",328,2,9.3,1,2,3,2.625,0.307692307692308,0.588235294117647,0.25,2.00726666666667,2.0123580494322,0.904044447615272,0.625,1,0.5,0,0
"329",329,1,2.2,1,2,3,2,0,0.176470588235294,0,1.4,1.66666666666667,0.769230769230769,0.5,0,0,0,0
"330",330,1,3.9,1,1,3,2.45130662020906,0.307692307692308,0.588235294117647,0.25,2.00726666666667,2.0123580494322,0.904044447615272,0.521274190562416,0,0.504054415609776,0,0
"331",331,1,1,2,2,5,3,0.307692307692308,0.588235294117647,0.25,2.00726666666667,2.0123580494322,0.904044447615272,0.75,1,0.75,1,0
"332",332,1,8.2,1,2,3,2.375,0.136363636363636,0.4375,0.375,0.666666666666667,1.66666666666667,0.62962962962963,0.521274190562416,0,0.504054415609776,0,0
"333",333,2,1.1,1,2,4,2.375,0.333333333333333,0.642857142857143,0.625,2.33333333333333,1.66666666666667,0.92,0.521274190562416,0,0.504054415609776,0,0
"334",334,2,7.3,1,2,4,2.125,0.111111111111111,0.444444444444444,0.5,1.83333333333333,2.16666666666667,1.25925925925926,0.5,0,0.5,0,0
"335",335,1,1.3,1,2,3,2.25,0.307692307692308,0.588235294117647,0.25,2.00726666666667,2.0123580494322,0.904044447615272,0.5,0,0.504054415609776,0,0
"336",336,2,10.1,2,1,4,2.85714285714286,0.363636363636364,0.0555555555555556,0,2.5,2.8,0.518518518518518,1,1,1,1,0
"337",337,2,2,1,1,4,2.625,0.307692307692308,0.588235294117647,0.25,2.00726666666667,2.0123580494322,0.904044447615272,0.875,1,0.875,1,0
"338",338,2,2.7,1,1,4,2.625,0.111111111111111,0.470588235294118,0.375,1.33333333333333,1.5,0.48,0.5,0,0.375,0,0
"339",339,2,2.7,1,1,4,2.5,0.409090909090909,0.294117647058824,0.125,2.83333333333333,4,1.46153846153846,0.75,1,0.666666666666667,1,0
"340",340,2,2.3,1,2,3,2.25,0.130434782608696,0.222222222222222,0,1.66666666666667,2,0.481481481481481,0.375,0,0.625,1,1
"341",341,1,12.5,1,1,3,2,0.307692307692308,0.588235294117647,0.25,2.00726666666667,2.0123580494322,0.904044447615272,0.5,0,0.5,0,0
"342",342,2,2.7,1,1,3,2.875,0.962962962962963,1.16666666666667,1.375,2.5,3,1,0.521274190562416,0,0.504054415609776,0,0
"343",343,1,4.9,1,1,2,2.71428571428571,0,1.92857142857143,1,2.66666666666667,2.4,1.25,0.521274190562416,0,0.504054415609776,0,0
"344",344,1,5.1,1,2,3,2.75,0.259259259259259,0.388888888888889,0,1.66666666666667,1.33333333333333,0.807692307692308,0.5,0,0.625,1,1
"345",345,1,6.8,1,2,2,2.71428571428571,0.0454545454545455,0.75,0,0.666666666666667,1.6,0.185185185185185,0.5,0,0.5,0,0
"346",346,1,1.2,2,1,3,2.375,0.407407407407407,0.166666666666667,0.25,1.33333333333333,1.16666666666667,0.62962962962963,0.521274190562416,0,0.333333333333333,0,0
"347",347,1,8.6,1,1,2,2.375,0.307692307692308,0.588235294117647,0.25,2.00726666666667,2.0123580494322,0.904044447615272,0.5,0,0.5,0,0
"348",348,1,5,1,2,2,2.25,0.222222222222222,1.05555555555556,0.25,1.33333333333333,2.33333333333333,0.62962962962963,0.521274190562416,0,0.504054415609776,0,0
"349",349,1,0.3,2,2,3,1.75,0.307692307692308,0.588235294117647,0.25,2.00726666666667,2.0123580494322,0.904044447615272,0.625,1,0.5,0,0
"350",350,2,7.2,1,1,4,2.5,0.714285714285714,1.33333333333333,3,3.5,2,1.51851851851852,0.5,0,0.5,0,0
"351",351,2,3.9,1,2,4,1.875,0.833333333333333,0.866666666666667,0.25,1.83333333333333,2.16666666666667,1.11538461538462,0.521274190562416,0,0.504054415609776,0,0
"352",352,1,6.1,1,2,3,3.125,0.590909090909091,1.22222222222222,0.375,1.5,2.33333333333333,0.777777777777778,0.5,0,0.5,0,0
"353",353,2,7,1,1,3,2.25,0.545454545454545,0.555555555555556,0.25,1.83333333333333,1.83333333333333,0.703703703703704,0.75,1,0.625,1,0
"354",354,1,3.8,1,2,2,2.625,0.130434782608696,0.388888888888889,0,0.666666666666667,1.5,0.407407407407407,0.625,1,1,1,1
"355",355,2,7.2,1,2,3,2.625,0.307692307692308,0.588235294117647,0.25,2.00726666666667,2.0123580494322,0.904044447615272,0.521274190562416,0,0.504054415609776,0,0
"356",356,1,4.8,1,1,3,2.5,0.0740740740740741,0.5,0,0.666666666666667,2.16666666666667,0.851851851851852,0.521274190562416,0,0.504054415609776,0,0
"357",357,2,6.2,1,2,3,2.375,0.434782608695652,1.16666666666667,1,2,2.16666666666667,0.814814814814815,0.75,1,1,1,1
"358",358,2,2.7,1,2,4,2.83333333333333,0,0.833333333333333,0.5,3.33333333333333,4,1.51851851851852,0.521274190562416,0,1,1,0
"359",359,2,7.6,1,2,3,2.57142857142857,0.307692307692308,0.588235294117647,0.25,2.00726666666667,2.0123580494322,0.904044447615272,0.375,0,0.375,0,0
"360",360,1,0.3,2,1,2,2,0.307692307692308,0.588235294117647,0.25,2.00726666666667,2.0123580494322,0.904044447615272,0.625,1,0.625,1,0
"361",361,2,10.1,1,1,4,1.83333333333333,0.0454545454545455,0.3125,1.25,0.6,1.83333333333333,0.375,0.666666666666667,1,0.375,0,0
"362",362,1,2.3,1,2,1,2.625,0,0.3125,0,4,0.833333333333333,0.814814814814815,0.285714285714286,0,0.5,0,1
"363",363,1,2.2,1,2,5,2.375,0.307692307692308,0.588235294117647,0.25,2.00726666666667,2.0123580494322,0.904044447615272,0.5,0,0.75,1,1
"364",364,1,3.1,1,1,4,2.5,0.695652173913043,1,0.857142857142857,2.33333333333333,2.66666666666667,1.37037037037037,0.75,1,0.75,1,0
"365",365,1,0.9,1,2,3,1.75,0,0.111111111111111,1,1.2,1.5,1.11111111111111,0.75,1,0.5,0,0
"366",366,1,4.8,1,2,5,2.375,0.307692307692308,0.588235294117647,0.25,2.00726666666667,2.0123580494322,0.904044447615272,0.25,0,0.5,0,1
"367",367,2,1.4,2,2,4,2.25,0.307692307692308,0.588235294117647,0.25,2.00726666666667,2.0123580494322,0.904044447615272,0.75,1,0.75,1,0
"368",368,2,1.9,2,1,2,2.625,0.304347826086957,0.470588235294118,0,2.33333333333333,1.66666666666667,0.407407407407407,0.75,1,0.875,1,1
"369",369,1,3.1,1,1,3,2.71428571428571,1.11111111111111,1.23076923076923,1,2.8,3.33333333333333,0.714285714285714,0.375,0,0.5,0,1
"370",370,2,2.1,1,1,4,2.375,0.478260869565217,1.58823529411765,1,3.16666666666667,3.5,1,0.75,1,0.5,0,0
"371",371,1,1.8,2,1,4,2.75,0.444444444444444,0.375,2.25,3,3.16666666666667,1.77777777777778,0.625,1,0.5,0,0
"372",372,1,12.6,1,2,4,2.375,0.703703703703704,0.647058823529412,1.75,2.5,3.33333333333333,1.03703703703704,0.5,0,0.625,1,1
"373",373,1,3.9,1,2,5,3,0.576923076923077,0.277777777777778,0,2.66666666666667,2.33333333333333,0.923076923076923,0.5,0,0.625,1,1
"374",374,1,3.9,1,2,4,2.71428571428571,0.576923076923077,1.11111111111111,0.25,1.83333333333333,1.83333333333333,0.846153846153846,0.5,0,0.625,1,1
"375",375,1,6.5,1,2,4,2.5,0.111111111111111,0.388888888888889,0,1,1,0.730769230769231,1,1,1,1,0
"376",376,2,4.5,1,1,3,2.375,0.222222222222222,0.888888888888889,0,2.16666666666667,1.33333333333333,0.333333333333333,0.625,1,0.5,0,0
"377",377,1,3,1,1,3,2.25,0.925925925925926,1.83333333333333,0,3.16666666666667,2.66666666666667,0.884615384615385,0.5,0,0.5,0,0
"378",378,1,0.7,2,1,3,2.125,1.26923076923077,2.05882352941176,0.125,1.66666666666667,1.66666666666667,0.5,0.5,0,0.5,0,0
"379",379,2,1.2,2,1,3,2.875,0.307692307692308,0.588235294117647,0.25,2.00726666666667,2.0123580494322,0.904044447615272,0.375,0,0.75,1,1
"380",380,2,2.4,1,1,3,2.125,0.307692307692308,0.588235294117647,0.25,2.00726666666667,2.0123580494322,0.904044447615272,0.5,0,0.75,1,1
"381",381,1,6.4,2,1,3,2.25,0.307692307692308,0.588235294117647,0.25,2.00726666666667,2.0123580494322,0.904044447615272,0.75,1,0.625,1,0
"382",382,2,3.7,2,1,2,2.75,0.307692307692308,0.588235294117647,0.25,2.00726666666667,2.0123580494322,0.904044447615272,0.75,1,0.5,0,0
"383",383,2,7.6,1,1,3,2.875,0.925925925925926,1.27777777777778,0.25,3,3.16666666666667,0.52,0.5,0,0.5,0,0
"384",384,1,1.9,1,2,4,2.5,0.391304347826087,1.11111111111111,0.875,2.16666666666667,2,0.740740740740741,0.25,0,0.5,0,1
"385",385,1,7.4,1,2,1,2.375,0.863636363636364,1.6,0.857142857142857,2.2,3.2,0.875,0.75,1,0,0,0
"386",386,2,12.4,2,2,2,3.25,0.695652173913043,0.111111111111111,1.5,2.5,2.5,1.44444444444444,0.571428571428571,1,0.571428571428571,1,0
"387",387,1,2.2,1,1,3,2.375,0.0833333333333333,0.944444444444444,0.5,1.16666666666667,1.66666666666667,0.615384615384615,0.5,0,0.5,0,0
"388",388,1,3.8,1,2,4,2.625,0.0434782608695652,0.777777777777778,0.125,0.666666666666667,2,0.185185185185185,0.25,0,0.5,0,1
"389",389,1,6,1,2,4,3.57142857142857,0.227272727272727,0.722222222222222,0,0.5,1,0.521739130434783,0.5,0,0.375,0,0
"390",390,2,1.8,1,1,1,2.5,0,0.235294117647059,0.25,1.66666666666667,0.833333333333333,0.703703703703704,0.5,0,0.5,0,0
"391",391,1,1,2,1,3,2.57142857142857,0.230769230769231,0.0588235294117647,1.875,2.66666666666667,3.33333333333333,1.46153846153846,0.375,0,0.625,1,1
"392",392,2,8.1,1,2,5,2.66666666666667,0.285714285714286,0,0,3,2.66666666666667,1.28,0.5,0,0.25,0,0
"393",393,1,3.9,1,2,2,1.75,0.346153846153846,0.555555555555556,0,0.5,0.833333333333333,0.111111111111111,0.625,1,0.75,1,1
"394",394,1,8.9,1,1,2,2.25,0.5,0.277777777777778,0.5,1.33333333333333,1.16666666666667,0.296296296296296,1,1,0.875,1,0
"395",395,1,4.9,1,2,5,2.125,0.478260869565217,0.25,0.5,1.33333333333333,1.83333333333333,0.592592592592593,0.5,0,0.5,0,0
"396",396,1,8.8,1,2,5,2.75,0.458333333333333,2.125,0.75,1.5,1.66666666666667,0.576923076923077,0.75,1,0.5,0,0
"397",397,1,1.8,2,1,3,2.25,1.11111111111111,2.29411764705882,2.375,4,4,1.77777777777778,0.75,1,0.375,0,0
"398",398,2,8,1,2,4,2.375,0.444444444444444,1.22222222222222,0,1.83333333333333,1.66666666666667,0.333333333333333,0.375,0,0.375,0,0
"399",399,1,9.3,1,1,3,2,0.185185185185185,0.611111111111111,0.125,1.66666666666667,1.33333333333333,0.37037037037037,0.5,0,0.5,0,0
"400",400,1,4.2,1,1,2,2.14285714285714,0.315789473684211,0.705882352941177,0,1.33333333333333,1.5,0.555555555555556,0.75,1,0.375,0,0
"401",401,1,5,1,1,5,3.125,0.925925925925926,0.5,3,3.33333333333333,3.33333333333333,1.59259259259259,0.375,0,0.25,0,0
"402",402,1,6.4,1,2,2,2.125,0.851851851851852,1.22222222222222,3.5,1.66666666666667,1,0.62962962962963,0.125,0,0.375,0,1
"403",403,2,6.9,1,2,3,2.625,0.666666666666667,2.44444444444444,1.33333333333333,1.33333333333333,1.33333333333333,0.814814814814815,0.521274190562416,0,0.504054415609776,0,0
"404",404,1,1.9,2,1,4,2.375,0.851851851851852,0.529411764705882,0.75,4,3.83333333333333,1.48,0.375,0,0.25,0,0
"405",405,2,6.8,1,2,4,2.42857142857143,0.45,0.888888888888889,0,2.4,1,0.777777777777778,0.5,0,0.5,0,0
"406",406,1,7.7,1,2,1,2.28571428571429,1.52380952380952,2,1.625,3.5,3.16666666666667,1.4,0.521274190562416,0,0.504054415609776,0,0
"407",407,1,1.6,1,1,3,2.625,0.521739130434783,0.8125,0.375,2,2,0.888888888888889,0.25,0,0.25,0,0
"408",408,1,2,1,2,4,3,0.24,0.470588235294118,1,2.4,0.5,0.769230769230769,0.375,0,0.5,0,1
"409",409,1,3,1,2,4,2.71428571428571,0.56,0.0625,1,2.4,0.6,0.923076923076923,0.5,0,0.333333333333333,0,0
"410",410,2,7,1,2,2,2.33333333333333,0.16,1.0625,0,1.8,0,0.0384615384615385,0.125,0,0.5,0,1
"411",411,1,7,1,2,4,2.83333333333333,0.24,0.0666666666666667,1,3.2,1.16666666666667,0.769230769230769,0.5,0,0.5,0,0
"412",412,2,7.7,1,1,5,2.375,0.105263157894737,0,0,2.66666666666667,3.33333333333333,0.6,0.375,0,0.375,0,0
"413",413,1,7,1,1,5,2,0.105263157894737,0,0,2,2.83333333333333,0.68,0.521274190562416,0,0.504054415609776,0,0
"414",414,1,7.2,1,1,3,1.625,0.0555555555555556,0,0,1.4,0.666666666666667,0.333333333333333,0.521274190562416,0,0.504054415609776,0,0
"415",415,2,1.3,2,1,3,1.28571428571429,0,0,0,2,0.666666666666667,0.875,0.521274190562416,0,0.504054415609776,0,0
"416",416,2,5.6,1,2,5,3,0.521739130434783,0.944444444444444,0,1,2.6,0.5,0,0,0.625,1,1
"417",417,1,7.9,1,1,3,2.875,0.444444444444444,0.888888888888889,0,1.83333333333333,1.16666666666667,1,0.375,0,0.5,0,1
"418",418,1,4.2,1,1,3,1.875,0.304347826086957,0.5,1.625,2.66666666666667,1.33333333333333,0.2,0.5,0,0.375,0,0
"419",419,2,2.2,2,2,4,2.375,1.14814814814815,0.222222222222222,1.875,2.66666666666667,2,1.03703703703704,0.125,0,0.5,0,1
"420",420,2,5.9,2,2,5,2.25,0,0.352941176470588,1.25,3.4,2,1.03846153846154,0.625,1,0.444444444444444,0,0
"421",421,1,6,2,1,4,2.25,0.851851851851852,0.0588235294117647,0,1.5,2,0.884615384615385,0.625,1,0.5,0,0
"422",422,1,2.8,2,1,4,2.375,0.592592592592593,0.0588235294117647,1,1.5,2.66666666666667,0.807692307692308,0.521274190562416,0,0.504054415609776,0,0
"423",423,2,9.4,1,2,4,2.125,0.608695652173913,1.16666666666667,0,2,1.83333333333333,1.73076923076923,0.5,0,0.5,0,0
"424",424,1,7.6,1,1,5,2,0.764705882352941,0,0,0.5,1.6,0.62962962962963,0.25,0,0.5,0,1
"425",425,2,1.4,2,2,3,2.375,0.304347826086957,0.352941176470588,0.571428571428571,1.83333333333333,2,1.37037037037037,0.125,0,0.25,0,1
"426",426,2,1.4,1,1,4,2.625,0.304347826086957,0.611111111111111,0.625,1,2.16666666666667,0.851851851851852,0.375,0,0.375,0,0
"427",427,2,8.4,1,1,5,2.625,0.730769230769231,0.333333333333333,1,1.5,3,0.6,0.521274190562416,0,1,1,0
"428",428,1,3.7,1,2,5,2.57142857142857,0.523809523809524,0.5,0.25,2.25,3.16666666666667,1.08333333333333,0.375,0,0.5,0,1
"429",429,2,1.7,2,1,4,2.25,0.296296296296296,0.333333333333333,0.125,3,2.83333333333333,0.962962962962963,0.521274190562416,0,0.504054415609776,0,0
"430",430,2,0.6,2,1,4,2.57142857142857,0,0,0,1.5,1.66666666666667,0.592592592592593,0.521274190562416,0,0.504054415609776,0,0
"431",431,1,1.3,1,2,3,2.42857142857143,1.08695652173913,1.16666666666667,0.25,2,2.5,1.6,0.625,1,0.75,1,1
"432",432,1,1.3,1,2,3,3,0,0.25,0.375,1.5,1.4,0.478260869565217,0.75,1,0.625,1,0
"433",433,1,1.3,1,2,3,2,0.259259259259259,0.352941176470588,0.875,3.33333333333333,1.8,1.77777777777778,0.375,0,0.625,1,1
"434",434,1,1.3,2,1,4,2.375,0.307692307692308,0.588235294117647,0.25,2.00726666666667,2.0123580494322,0.904044447615272,1,1,0.504054415609776,0,0
"435",435,1,1.3,1,1,4,1.75,0,0.166666666666667,0.125,1.16666666666667,1.33333333333333,0.37037037037037,0.375,0,0.625,1,1
"436",436,1,1.2,1,1,3,3,0.037037037037037,0.0555555555555556,0,2.16666666666667,1,0.518518518518518,0.75,1,0.5,0,0
"437",437,2,1.2,2,1,4,2.25,0,0.277777777777778,0.125,1.66666666666667,1.5,0.375,0.5,0,0.75,1,1
"438",438,2,1.2,2,1,4,2.375,0,0.166666666666667,0,1.16666666666667,1.33333333333333,0.222222222222222,0.375,0,0.625,1,1
"439",439,1,1.2,2,1,4,2.5,0.0454545454545455,0.125,0.75,2,2.33333333333333,1.13636363636364,0.666666666666667,1,0.625,1,0
"440",440,1,1.2,2,1,2,2.85714285714286,0,0.117647058823529,0.25,1.33333333333333,2,0.846153846153846,0.75,1,0.375,0,0
"441",441,2,1.2,1,1,4,2.625,0.037037037037037,0.222222222222222,1,1,1.33333333333333,0.956521739130435,0.25,0,0.5,0,1
"442",442,2,1.2,1,1,3,2.14285714285714,0,0.357142857142857,0.75,1.16666666666667,2,0.222222222222222,0.25,0,0.5,0,1
"443",443,2,1.3,1,1,4,2.75,0.307692307692308,0.588235294117647,0.25,2.00726666666667,2.0123580494322,0.904044447615272,0.5,0,0.75,1,1
"444",444,1,1.2,1,2,3,2.625,0.153846153846154,0.611111111111111,0.125,0.666666666666667,1.66666666666667,0.8,0.857142857142857,1,0.375,0,0
"445",445,1,1.2,1,2,4,1.875,0,0.166666666666667,0.125,1.16666666666667,1.33333333333333,0.461538461538462,0.25,0,0.125,0,0
"446",446,1,1.2,1,2,2,2.25,0,0,0,1.33333333333333,2.16666666666667,0.730769230769231,0.625,1,0.5,0,0
"447",447,2,1.2,1,2,4,2.375,0.307692307692308,0.588235294117647,0.25,2.00726666666667,2.0123580494322,0.904044447615272,0.5,0,1,1,1
"448",448,2,1.2,1,1,4,2,0.0416666666666667,0,0.375,2.33333333333333,0.333333333333333,0.88,0.375,0,0.375,0,0
"449",449,2,1.2,1,2,3,3.33333333333333,0,0,0.25,2.00726666666667,2.0123580494322,0.904044447615272,0.625,1,0.75,1,1
"450",450,2,10,1,1,3,2.5,0.0833333333333333,0.222222222222222,0.625,2.83333333333333,2,1.11538461538462,0.5,0,0.5,0,0
"451",451,1,4.7,1,1,4,3,0.307692307692308,0.588235294117647,0.25,2.00726666666667,2.0123580494322,0.904044447615272,0.375,0,0.5,0,1
"452",452,2,5.5,1,2,2,2.25,0.260869565217391,0.944444444444444,0.125,2,2.66666666666667,0.481481481481481,0.25,0,0.5,0,1
"453",453,1,1.8,2,1,2,2.125,0.307692307692308,0.588235294117647,0.25,2.00726666666667,2.0123580494322,0.904044447615272,0,0,0,0,0
"454",454,2,1.3,1,2,4,2.125,0.307692307692308,0.722222222222222,0.5,1.33333333333333,1.5,0.777777777777778,0.5,0,0.25,0,0
"455",455,2,0.9,1,1,3,2.25,0.307692307692308,0.588235294117647,0.25,2.00726666666667,2.0123580494322,0.904044447615272,0.625,1,0,0,0
"456",456,1,6.9,1,2,3,2.125,0.307692307692308,0.588235294117647,0.25,2.00726666666667,2.0123580494322,0.904044447615272,0.521274190562416,0,0.504054415609776,0,0
"457",457,2,5.4,1,1,4,2.5,0.307692307692308,0.588235294117647,0.25,2.00726666666667,2.0123580494322,0.904044447615272,0.5,0,0.5,0,0
"458",458,2,3.8,2,1,4,2.14285714285714,0.2,0.555555555555556,0.125,0.666666666666667,1.83333333333333,0.952380952380952,0,0,0,0,0
"459",459,1,1.4,2,1,4,2.75,0.476190476190476,0.352941176470588,0,1.83333333333333,2.33333333333333,1.41666666666667,0.521274190562416,0,0.504054415609776,0,0
"460",460,2,8.9,1,1,3,2.5,0.538461538461538,0.833333333333333,0,1.33333333333333,2.16666666666667,0.851851851851852,0.5,0,0.5,0,0
"461",461,1,2.6,1,1,3,2.875,0.307692307692308,0.588235294117647,0.25,2.00726666666667,2.0123580494322,0.904044447615272,0.5,0,0.5,0,0
"462",462,1,6.1,1,1,3,1.625,0.04,0.411764705882353,0,2,1.6,0.346153846153846,0.5,0,0.5,0,0
"463",463,1,0.7,1,1,3,2.375,0.12,0.4375,0,1.33333333333333,0.6,0.888888888888889,0.5,0,0.5,0,0
"464",464,2,10.2,1,2,4,2.5,0.347826086956522,0.333333333333333,0,0.833333333333333,1,0.740740740740741,0,0,0.625,1,1
"465",465,2,2.3,1,1,3,2.125,0.181818181818182,0.5625,0.25,2.66666666666667,2.16666666666667,0.962962962962963,0.625,1,0.875,1,1
"466",466,1,3.9,1,1,3,2.125,0.347826086956522,0.5,0.625,1.83333333333333,2,0.692307692307692,0.5,0,0.5,0,0
"467",467,1,4.4,1,1,3,2.14285714285714,0.333333333333333,0.888888888888889,0,1,0.833333333333333,0.962962962962963,0.25,0,0.875,1,1
"468",468,2,1.4,1,2,3,2.42857142857143,0.45,0.0769230769230769,0,1.2,1.4,1.04,0.5,0,0.25,0,0
"469",469,1,2.7,1,1,3,2.42857142857143,0.142857142857143,0.176470588235294,0,1.5,2,0.730769230769231,0.625,1,0.5,0,0
"470",470,1,2.4,1,2,3,2,0.136363636363636,1.625,0.142857142857143,1.66666666666667,2.5,0.777777777777778,0.5,0,0.5,0,0
"471",471,1,4.6,1,1,2,2.14285714285714,0.44,0.0555555555555556,0,1.16666666666667,1.33333333333333,0.692307692307692,0.5,0,0.625,1,1
"472",472,2,1.6,1,1,3,2.71428571428571,0.36,1.22222222222222,0,1.5,1.83333333333333,0.88,0.375,0,0.5,0,1
"473",473,2,1.2,2,1,3,1.85714285714286,0.24,0.5,0.125,1.83333333333333,2.2,1.24,0.521274190562416,0,0.504054415609776,0,0
"474",474,1,4.5,1,1,4,2.66666666666667,0.307692307692308,0.588235294117647,0.25,2.00726666666667,2.0123580494322,0.904044447615272,0.375,0,0.428571428571429,0,1
"475",475,2,6,1,1,4,2.83333333333333,0.260869565217391,0.588235294117647,0,1.83333333333333,3,0.111111111111111,0.25,0,0.5,0,1
"476",476,2,12,1,1,2,1.2,0.363636363636364,0.0588235294117647,0,2.16666666666667,0,0.444444444444444,0.5,0,0.5,0,0
"477",477,1,2.8,1,1,3,2.71428571428571,0.5,1.77777777777778,0,2,2.33333333333333,0.727272727272727,0.5,0,0.5,0,0
"478",478,2,1.7,2,1,2,2.875,0.307692307692308,0.588235294117647,0.25,2.00726666666667,2.0123580494322,0.904044447615272,0.625,1,0.5,0,0
"479",479,2,5.8,1,1,4,2.75,0.307692307692308,0.588235294117647,0.25,2.00726666666667,2.0123580494322,0.904044447615272,0.625,1,0.5,0,0
"480",480,1,10.5,1,2,4,2.125,0.307692307692308,0.588235294117647,0.25,2.00726666666667,2.0123580494322,0.904044447615272,0.521274190562416,0,0.504054415609776,0,0
"481",481,2,0.9,2,1,2,3.25,0.307692307692308,0.588235294117647,0.25,2.00726666666667,2.0123580494322,0.904044447615272,0.625,1,0.5,0,0
"482",482,1,1.3,2,1,3,2.8,0.307692307692308,0.588235294117647,0.25,2.00726666666667,2.0123580494322,0.904044447615272,0.125,0,0.504054415609776,0,0
"483",483,1,5,1,2,3,2.42857142857143,0.307692307692308,0.588235294117647,0.25,2.00726666666667,2.0123580494322,0.904044447615272,0.5,0,0.125,0,0
"484",484,1,10.3,1,1,3,2.75,0.307692307692308,0.588235294117647,0.25,2.00726666666667,2.0123580494322,0.904044447615272,0.521274190562416,0,0.504054415609776,0,0
"485",485,1,4.9,2,1,4,3.75,0.307692307692308,0.588235294117647,0.25,2.00726666666667,2.0123580494322,0.904044447615272,0.521274190562416,0,0.504054415609776,0,0
"486",486,1,4.7,2,1,3,2.375,0.307692307692308,0.588235294117647,0.25,2.00726666666667,2.0123580494322,0.904044447615272,0.444444444444444,0,0.375,0,0
"487",487,2,0.3,2,1,1,1.5,0.307692307692308,0.588235294117647,0.25,2.00726666666667,2.0123580494322,0.904044447615272,0.555555555555556,1,0.444444444444444,0,0
"488",488,2,1.7,2,1,3,2.5,0.307692307692308,0.588235294117647,0.25,2.00726666666667,2.0123580494322,0.904044447615272,0.75,1,0.5,0,0
"489",489,1,2,1,1,2,2.625,0.307692307692308,0.588235294117647,0.25,2.00726666666667,2.0123580494322,0.904044447615272,0.625,1,0.5,0,0
"490",490,1,0.6,2,1,1,1.6,0.307692307692308,0.588235294117647,0.25,2.00726666666667,2.0123580494322,0.904044447615272,0.5,0,0.375,0,0
"491",491,2,0.6,2,1,1,1.6,0.307692307692308,0.588235294117647,0.25,2.00726666666667,2.0123580494322,0.904044447615272,0.521274190562416,0,0.504054415609776,0,0
"492",492,2,0.6,2,1,1,1.6,0.307692307692308,0.588235294117647,0.25,2.00726666666667,2.0123580494322,0.904044447615272,0.5,0,0.625,1,1
"493",493,2,0.9,2,1,3,2.14285714285714,0.307692307692308,0.588235294117647,0.25,2.00726666666667,2.0123580494322,0.904044447615272,0.625,1,0.625,1,0
"494",494,1,5.8,2,1,3,2.875,0.307692307692308,0.588235294117647,0.25,2.00726666666667,2.0123580494322,0.904044447615272,0.5,0,0.5,0,0
"495",495,2,7.8,2,1,4,2.875,0.307692307692308,0.588235294117647,0.25,2.00726666666667,2.0123580494322,0.904044447615272,0.521274190562416,0,0.333333333333333,0,0
"496",496,2,1.3,2,2,3,1,0.307692307692308,0.588235294117647,0.25,2.00726666666667,2.0123580494322,0.904044447615272,0.625,1,0.75,1,1
"497",497,1,0.6,2,1,1,1.6,0.307692307692308,0.588235294117647,0.25,2.00726666666667,2.0123580494322,0.904044447615272,0.375,0,0.5,0,1
"498",498,1,20.8,1,2,2,2.375,0.307692307692308,0.588235294117647,0.25,2.00726666666667,2.0123580494322,0.904044447615272,0.375,0,0.125,0,0
"499",499,1,1.7,1,1,3,2.875,0.333333333333333,0.166666666666667,0.625,2,3,1.33333333333333,0.375,0,0.625,1,1
"500",500,2,4.8,2,1,4,2.875,0.307692307692308,0.588235294117647,0.25,2.00726666666667,2.0123580494322,0.904044447615272,0.666666666666667,1,0.504054415609776,0,0
"501",501,2,7.4,1,1,3,2.71428571428571,0.173913043478261,0.470588235294118,1.25,2.4,2.33333333333333,0.851851851851852,0.5,0,0.5,0,0
"502",502,1,6.8,1,2,4,2.625,0.428571428571429,1.22222222222222,1.85714285714286,3.2,3,1.19047619047619,0.521274190562416,0,0.504054415609776,0,0
"503",503,2,4.9,1,1,3,2.375,0.307692307692308,0.588235294117647,0.25,2.00726666666667,2.0123580494322,0.904044447615272,0.5,0,0.25,0,0
"504",504,2,2.1,1,1,4,2.5,0.681818181818182,0,0,3.33333333333333,1.33333333333333,1.40740740740741,0.875,1,0.875,1,0
"505",505,2,1.5,1,2,4,2.875,1,0.833333333333333,0.625,2.33333333333333,2,1.18518518518519,0.5,0,0.5,0,0
"506",506,2,1.1,2,1,3,2.875,0.307692307692308,0.588235294117647,0.25,2.00726666666667,2.0123580494322,0.904044447615272,0.375,0,0.25,0,0
"507",507,2,1.7,2,1,3,2.75,0.307692307692308,0.588235294117647,0.25,2.00726666666667,2.0123580494322,0.904044447615272,0.333333333333333,0,0.504054415609776,0,0
"508",508,1,2.1,2,1,3,2.5,0.307692307692308,0.588235294117647,0.25,2.00726666666667,2.0123580494322,0.904044447615272,0.5,0,0.5,0,0
"509",509,2,2.9,2,2,3,2.75,0.307692307692308,0.588235294117647,0.25,2.00726666666667,2.0123580494322,0.904044447615272,0.5,0,0.25,0,0
"510",510,2,3.9,1,1,2,2.625,0.576923076923077,1.23529411764706,0,2.66666666666667,1.16666666666667,0.925925925925926,0.444444444444444,0,0.5,0,1
"511",511,2,6.8,1,1,2,2.25,0.307692307692308,0.588235294117647,0.25,2.00726666666667,2.0123580494322,0.904044447615272,0.5,0,0.5,0,0
"512",512,1,8.1,1,2,3,2.33333333333333,0.259259259259259,0.277777777777778,0.375,2.8,1.33333333333333,1.18518518518519,0.5,0,0.5,0,0
"513",513,1,1.1,1,2,3,2.375,0.92,1.41176470588235,0.285714285714286,1.8,2.5,0.851851851851852,0.75,1,0.375,0,0
"514",514,1,8.6,1,1,2,2.25,0.653846153846154,0.444444444444444,0.25,2.2,2,0.777777777777778,0.521274190562416,0,0,0,0
"515",515,1,5.5,1,1,3,1.85714285714286,0,0.352941176470588,0,1.66666666666667,1.83333333333333,1.13636363636364,0.444444444444444,0,0.375,0,0
"516",516,1,1.5,1,2,3,2.75,0.0909090909090909,0.0555555555555556,0.125,1,1.83333333333333,1.03703703703704,0.5,0,0.75,1,1
"517",517,1,3.6,1,1,3,2.5,0.136363636363636,0.117647058823529,0.375,1.83333333333333,1.83333333333333,1.04,0.521274190562416,0,0.504054415609776,0,0
"518",518,1,0.5,1,1,4,2.42857142857143,0.0909090909090909,0.529411764705882,1.875,1.66666666666667,1.66666666666667,1.40740740740741,0.625,1,0.25,0,0
"519",519,1,5.2,1,2,4,2.125,0.307692307692308,0.588235294117647,0.25,2.00726666666667,2.0123580494322,0.904044447615272,0.521274190562416,0,0.504054415609776,0,0
"520",520,2,6.8,1,2,4,2,0.307692307692308,0.588235294117647,0.25,2.00726666666667,2.0123580494322,0.904044447615272,0.521274190562416,0,0.504054415609776,0,0
"521",521,2,5.6,1,2,3,1.5,0.307692307692308,0.588235294117647,0.25,2.00726666666667,2.0123580494322,0.904044447615272,0.521274190562416,0,0.504054415609776,0,0
"522",522,1,7.9,1,2,3,3,1,0.5,0,2.4,1.83333333333333,1.125,0.625,1,0.75,1,1
"523",523,1,8.4,1,1,3,2.75,0.05,0.277777777777778,0,0.833333333333333,1.6,0.739130434782609,0.625,1,0.5,0,0
"524",524,1,6,1,2,4,2.75,0,0.222222222222222,0.125,2.33333333333333,1.66666666666667,0.222222222222222,0.5,0,0,0,0
"525",525,1,2,1,1,4,2.75,0.181818181818182,0.666666666666667,0.25,2.4,3.16666666666667,2.12,0.521274190562416,0,0.504054415609776,0,0
"526",526,1,6.5,1,1,4,2.5,0.0869565217391304,0.529411764705882,1.71428571428571,1.33333333333333,1.8,0.592592592592593,0.5,0,0.75,1,1
"527",527,2,2.4,1,2,3,2,0.347826086956522,0.388888888888889,0.625,1.83333333333333,1.33333333333333,0.962962962962963,0.5,0,0.375,0,0
"528",528,1,1.2,1,1,4,2.75,0,0.470588235294118,0,1.5,0.5,0.269230769230769,0.625,1,0.75,1,1
"529",529,2,5.8,1,2,5,2.85714285714286,0.476190476190476,0.444444444444444,0,1.33333333333333,2,0.481481481481481,0.555555555555556,1,0.5,0,0
"530",530,1,7.5,1,2,3,2.125,0.15,0.666666666666667,1.125,0.6,1,0.481481481481481,0.25,0,0.375,0,1
"531",531,2,0.7,1,2,4,2.42857142857143,0.15,1.11764705882353,0,1.5,3,0.846153846153846,0.333333333333333,0,0.4,0,1
"532",532,2,4.4,1,2,2,2.625,0.869565217391304,0.529411764705882,1.25,1.83333333333333,2.5,0.576923076923077,0.521274190562416,0,0.504054415609776,0,0
"533",533,1,2.8,1,1,3,1.875,0.555555555555556,0.5,0.75,2.5,1.5,0.592592592592593,0.521274190562416,0,0.504054415609776,0,0
"534",534,2,4.7,2,1,4,2.125,0.307692307692308,0.588235294117647,0.25,2.00726666666667,2.0123580494322,0.904044447615272,0.521274190562416,0,0.5,0,0
"535",535,2,7.4,1,2,3,2.4,0.307692307692308,0.588235294117647,0.25,2.00726666666667,2.0123580494322,0.904044447615272,0.521274190562416,0,0.504054415609776,0,0
"536",536,2,4.4,1,1,3,2.125,0.521739130434783,0.555555555555556,0,2,2.33333333333333,0.961538461538462,0.75,1,0.625,1,0
"537",537,1,11.7,1,1,5,2.25,0.521739130434783,0.666666666666667,1,1.66666666666667,2.83333333333333,0.875,0.521274190562416,0,0.504054415609776,0,0
"538",538,1,2.7,1,2,4,2.375,0,0.888888888888889,0,2.16666666666667,1.5,0.851851851851852,0.75,1,0.875,1,1
"539",539,1,3.8,1,1,3,2.5,1.11111111111111,1.5,0.875,2.83333333333333,2.83333333333333,1.33333333333333,0.375,0,0.625,1,1
"540",540,2,0.6,2,1,3,2.71428571428571,0.307692307692308,0.588235294117647,0.25,2.00726666666667,2.0123580494322,0.904044447615272,0.625,1,0.5,0,0
"541",541,2,9.1,1,2,3,2.85714285714286,0,0.352941176470588,0,1.83333333333333,0.666666666666667,0.407407407407407,0.625,1,0.75,1,1
"542",542,1,2.6,1,2,5,0.875,1,1.16666666666667,0.5,1.5,2.83333333333333,0.518518518518518,0.75,1,0.75,1,0
"543",543,2,2,1,1,4,2.5,0.0769230769230769,0.588235294117647,0,1.16666666666667,2.5,0.259259259259259,0.625,1,0.571428571428571,1,0
"544",544,2,2.9,1,1,3,2.125,0.0526315789473684,0.555555555555556,0,2,2,0.92,0.521274190562416,0,0.504054415609776,0,0
"545",545,2,6.6,2,1,4,2.66666666666667,0.307692307692308,0.588235294117647,0.25,2.00726666666667,2.0123580494322,0.904044447615272,0.521274190562416,0,0.504054415609776,0,0
"546",546,2,5.8,1,2,3,3,0.0869565217391304,0.611111111111111,0.5,1.83333333333333,1.2,0.777777777777778,0.521274190562416,0,0.504054415609776,0,0
"547",547,1,0.5,1,2,3,2.5,0.307692307692308,0.588235294117647,0.25,2.00726666666667,2.0123580494322,0.904044447615272,0.5,0,0.5,0,0
"548",548,2,2.3,1,1,3,1.625,0.307692307692308,0.588235294117647,0.25,2.00726666666667,2.0123580494322,0.904044447615272,0,0,0.666666666666667,1,1
"549",549,1,8.6,1,1,2,2.75,1.25925925925926,1.55555555555556,0.375,2,3,1.25925925925926,0.5,0,0.625,1,1
"550",550,1,2.3,1,1,4,2.5,0.296296296296296,0.166666666666667,0.25,2,2.83333333333333,1.07407407407407,0.5,0,0.5,0,0
"551",551,1,1,1,1,4,3,0.0833333333333333,0.611111111111111,0,2,2,1.04761904761905,0.521274190562416,0,0.504054415609776,0,0
"552",552,2,1.2,1,1,4,2.375,0.307692307692308,0.588235294117647,0.25,2.00726666666667,2.0123580494322,0.904044447615272,0.555555555555556,1,0.5,0,0
"553",553,1,2.6,1,1,2,2.25,0.208333333333333,0.222222222222222,0,1.66666666666667,1.8,1.42307692307692,0.5,0,0.375,0,0
"554",554,1,2.9,1,1,3,2.375,0,0.277777777777778,0.875,1.66666666666667,3.5,1.26923076923077,0.5,0,0.5,0,0
"555",555,2,3.9,1,1,3,2.375,0.307692307692308,0.588235294117647,0.25,2.00726666666667,2.0123580494322,0.904044447615272,0.625,1,0.5,0,0
"556",556,2,1,1,1,4,2.5,0,0.166666666666667,0,0.833333333333333,2.66666666666667,1.51851851851852,0.375,0,0.75,1,1
"557",557,1,8.9,1,2,3,3.25,0.307692307692308,0.588235294117647,0.25,2.00726666666667,2.0123580494322,0.904044447615272,0.5,0,0.5,0,0
"558",558,1,4,2,2,3,2.625,0.814814814814815,1.72222222222222,0.875,3.5,2.16666666666667,1.18518518518519,0.625,1,0.625,1,0
"559",559,1,2.2,1,2,3,2.875,0.307692307692308,0.588235294117647,0.25,2.00726666666667,2.0123580494322,0.904044447615272,0.521274190562416,0,0.504054415609776,0,0
"560",560,2,5.7,2,1,4,2.625,0,0.444444444444444,0,0.5,1,0.222222222222222,0.375,0,0.5,0,1
"561",561,1,1.8,1,2,3,2.5,0.307692307692308,0.588235294117647,0.25,2.00726666666667,2.0123580494322,0.904044447615272,0.2,0,0.428571428571429,0,1
"562",562,2,1.7,2,1,3,2.125,0.217391304347826,0.588235294117647,0.25,1.33333333333333,2.33333333333333,1.30769230769231,0.625,1,0.75,1,1
"563",563,2,2.5,1,2,3,2.42857142857143,0.6,0.4,0.25,1.66666666666667,2.25,1.21739130434783,0.625,1,0.875,1,1
"564",564,2,7.5,1,1,2,2,0.363636363636364,0.5625,0,1,1.33333333333333,0.666666666666667,0.75,1,0.5,0,0
"565",565,1,5.1,1,1,3,3,0.307692307692308,0.588235294117647,0.25,2.00726666666667,2.0123580494322,0.904044447615272,0.75,1,0.625,1,0
"566",566,2,2.8,2,1,4,2.5,0.260869565217391,1.05882352941176,0.375,2.5,3.66666666666667,0.925925925925926,0.75,1,0.375,0,0
"567",567,1,2,1,2,2,2.25,0.692307692307692,1.16666666666667,0,1.83333333333333,0.5,1.07692307692308,0.5,0,0.5,0,0
"568",568,1,5.3,1,1,4,2.57142857142857,0.307692307692308,0.588235294117647,0.25,2.00726666666667,2.0123580494322,0.904044447615272,0.666666666666667,1,0.25,0,0
"569",569,2,1.8,2,1,2,2.125,0.304347826086957,1.41176470588235,0.25,1.83333333333333,1.83333333333333,0.777777777777778,0.5,0,0.375,0,0
"570",570,2,4.3,1,1,3,2.75,0.307692307692308,0.588235294117647,0.25,2.00726666666667,2.0123580494322,0.904044447615272,0.521274190562416,0,0.504054415609776,0,0
"571",571,1,0.9,2,1,3,2.28571428571429,0.208333333333333,0.166666666666667,0.625,1,1,1.21052631578947,0.444444444444444,0,0.5,0,1
"572",572,1,0.7,2,2,3,3.125,0.307692307692308,0.588235294117647,0.25,2.00726666666667,2.0123580494322,0.904044447615272,0.5,0,0.5,0,0
"573",573,1,0.7,2,2,4,3,0.307692307692308,0.588235294117647,0.25,2.00726666666667,2.0123580494322,0.904044447615272,0.625,1,0.5,0,0
"574",574,1,3,2,2,4,2.625,0.518518518518518,0.75,0.5,1.8,2.66666666666667,1.03703703703704,0.521274190562416,0,0.504054415609776,0,0
"575",575,2,1.4,1,1,2,2.375,0.96,1.375,1.71428571428571,3.33333333333333,3.4,1.07407407407407,0.7,1,0.5,0,0
"576",576,1,1.1,2,2,3,2.875,0.434782608695652,0.611111111111111,2,3,2.33333333333333,1.65384615384615,0.5,0,0.375,0,0
"577",577,2,5.5,2,1,5,2.875,1.36363636363636,0.133333333333333,0.25,3.2,1.5,0.863636363636364,0.521274190562416,0,0.504054415609776,0,0
"578",578,2,11,1,2,5,3,0.307692307692308,0.588235294117647,0.25,2.00726666666667,2.0123580494322,0.904044447615272,0.521274190562416,0,0.504054415609776,0,0
"579",579,2,0.4,2,1,4,2.25,0.307692307692308,0.588235294117647,0.25,2.00726666666667,2.0123580494322,0.904044447615272,0.521274190562416,0,0.504054415609776,0,0
"580",580,1,5.8,1,1,4,2.375,0.62962962962963,0.722222222222222,0.625,3,2.33333333333333,0.961538461538462,0.5,0,0.888888888888889,1,1
"581",581,1,0.7,2,2,2,2.875,0.307692307692308,0.588235294117647,0.25,2.00726666666667,2.0123580494322,0.904044447615272,0.75,1,0.5,0,0
"582",582,2,6.3,1,2,3,2.875,0.307692307692308,0.588235294117647,0.25,2.00726666666667,2.0123580494322,0.904044447615272,0.625,1,0.375,0,0
"583",583,1,2.3,1,1,3,3.125,0.307692307692308,0.588235294117647,0.25,2.00726666666667,2.0123580494322,0.904044447615272,0.333333333333333,0,0.504054415609776,0,0
"584",584,1,7.8,2,1,4,2.625,0.307692307692308,0.588235294117647,0.25,2.00726666666667,2.0123580494322,0.904044447615272,1,1,0.666666666666667,1,0
"585",585,1,1.1,2,1,3,2.8,0.307692307692308,0.588235294117647,0.25,2.00726666666667,2.0123580494322,0.904044447615272,0.5,0,0.666666666666667,1,1
"586",586,2,6.4,2,2,3,1.71428571428571,0.307692307692308,0.588235294117647,0.25,2.00726666666667,2.0123580494322,0.904044447615272,0.521274190562416,0,0.504054415609776,0,0
"587",587,1,8.2,2,1,4,2.625,0.307692307692308,0.588235294117647,0.25,2.00726666666667,2.0123580494322,0.904044447615272,0.444444444444444,0,0.444444444444444,0,0
"588",588,1,1.7,2,1,4,2.5,0.307692307692308,0.588235294117647,0.25,2.00726666666667,2.0123580494322,0.904044447615272,0.5,0,0.5,0,0
"589",589,1,2.4,1,1,3,2.875,1,0.823529411764706,0.75,2.33333333333333,2.5,0.75,0.75,1,0.5,0,0
"590",590,1,3.9,1,1,3,2.45130662020906,0.307692307692308,0.588235294117647,0.25,2.00726666666667,2.0123580494322,0.904044447615272,0.521274190562416,0,0.504054415609776,0,0
"591",591,1,1.7,2,1,3,1.75,0.136363636363636,0.941176470588235,0,0.666666666666667,2.16666666666667,0.37037037037037,0.521274190562416,0,0.504054415609776,0,0
"592",592,2,5.1,2,1,5,2.625,1.26923076923077,0.388888888888889,1,1.33333333333333,4,0.925925925925926,0.5,0,0.5,0,0
"593",593,2,11.6,2,2,3,2.25,0.666666666666667,0.117647058823529,0,2.66666666666667,1.83333333333333,0.777777777777778,0.625,1,0.5,0,0
"594",594,1,3.5,2,1,3,2.14285714285714,0.296296296296296,0.944444444444444,1.5,1.33333333333333,2,1.18518518518519,0.375,0,0.625,1,1
"595",595,2,3.9,2,2,4,2.71428571428571,0.307692307692308,0.588235294117647,0.25,2.00726666666667,2.0123580494322,0.904044447615272,0.625,1,0.5,0,0
"596",596,1,10.6,1,1,2,2,0.307692307692308,0.588235294117647,0.25,2.00726666666667,2.0123580494322,0.904044447615272,0.521274190562416,0,0.504054415609776,0,0
"597",597,2,5.5,2,1,3,2.75,0.307692307692308,0.588235294117647,0.25,2.00726666666667,2.0123580494322,0.904044447615272,0.625,1,0.5,0,0
"598",598,1,8.6,2,1,1,1.625,0.130434782608696,0,0.25,1.16666666666667,3.16666666666667,0.846153846153846,0.375,0,0.75,1,1
"599",599,1,3.9,1,1,3,2.45130662020906,0.307692307692308,0.588235294117647,0.25,2.00726666666667,2.0123580494322,0.904044447615272,0.521274190562416,0,0.504054415609776,0,0
"600",600,2,1.2,1,2,5,2.375,0.461538461538462,0.6875,1.625,1.66666666666667,3.33333333333333,1.07407407407407,0.5,0,0.5,0,0
"601",601,2,8.9,1,1,4,2.25,1.18518518518519,0.722222222222222,0.75,2.33333333333333,2.66666666666667,0.730769230769231,0.521274190562416,0,0.504054415609776,0,0
"602",602,2,9,2,2,3,1.75,0.416666666666667,0.0588235294117647,0.375,0.166666666666667,2.5,0.259259259259259,0.5,0,0.375,0,0
"603",603,1,3.9,1,1,4,2.5,0.307692307692308,0.588235294117647,0.25,2.00726666666667,2.0123580494322,0.904044447615272,0.625,1,0.375,0,0
"604",604,1,4.9,1,1,3,2,0.307692307692308,0.588235294117647,0.25,2.00726666666667,2.0123580494322,0.904044447615272,0.5,0,0.5,0,0
"605",605,2,8,2,1,3,2.71428571428571,0.185185185185185,0.888888888888889,1,2,2.8,1.5,0.5,0,0.375,0,0
"606",606,2,9.9,2,2,3,1.5,0.307692307692308,0.588235294117647,0.25,2.00726666666667,2.0123580494322,0.904044447615272,0.625,1,0.25,0,0
"607",607,2,2.1,2,1,4,3,0.2,0.235294117647059,0.625,2,2.33333333333333,1.23076923076923,0.125,0,0.5,0,1
"608",608,1,4,2,1,4,3,0.185185185185185,0,0.25,1.33333333333333,3.83333333333333,0.555555555555556,0.5,0,0.375,0,0
"609",609,1,8.3,1,2,5,2.5,0.518518518518518,1.61111111111111,1.125,3,2.5,1.48148148148148,0.5,0,0.375,0,0
"610",610,2,10.1,1,1,4,2.75,0.846153846153846,0.470588235294118,1.25,2.16666666666667,2.66666666666667,0.814814814814815,0.375,0,0.375,0,0
"611",611,1,2.9,2,1,4,2.625,0.769230769230769,0.176470588235294,0.5,4,3.5,0.925925925925926,0.521274190562416,0,0,0,0
"612",612,1,9,1,1,5,2.875,0.454545454545455,1.29411764705882,0.5,2.5,2.16666666666667,0.851851851851852,0.5,0,0.5,0,0
"613",613,1,2.3,1,2,4,2.25,0.478260869565217,1.35294117647059,0,3,2.16666666666667,0.851851851851852,0.5,0,0.375,0,0
"614",614,2,12.8,2,2,4,1.75,0.307692307692308,0.588235294117647,0.25,2.00726666666667,2.0123580494322,0.904044447615272,0.521274190562416,0,0.504054415609776,0,0
"615",615,1,0.9,2,1,2,1.5,0.307692307692308,0.588235294117647,0.25,2.00726666666667,2.0123580494322,0.904044447615272,0.521274190562416,0,0,0,0
"616",616,1,3.2,1,1,4,2.5,0.333333333333333,0.647058823529412,0.125,2.16666666666667,2.66666666666667,1.11538461538462,0.25,0,0.75,1,1
"617",617,2,8.2,1,2,4,2.5,0.307692307692308,0.588235294117647,0.25,2.00726666666667,2.0123580494322,0.904044447615272,0.875,1,0.5,0,0
"618",618,2,4,1,1,4,1.875,0.307692307692308,0.588235294117647,0.25,2.00726666666667,2.0123580494322,0.904044447615272,0.521274190562416,0,0.504054415609776,0,0
"619",619,1,1.8,2,1,4,1.75,0.444444444444444,0,0,1,3.83333333333333,1.48148148148148,0.75,1,0.504054415609776,0,0
"620",620,2,4.3,2,1,5,2.875,0.363636363636364,0.882352941176471,0.25,0.666666666666667,3,1.30769230769231,0.625,1,0.5,0,0
"621",621,1,8.4,1,2,3,2.375,0.296296296296296,0.944444444444444,0.125,3.83333333333333,3.66666666666667,0.814814814814815,1,1,0.5,0,0
"622",622,1,1.6,1,2,4,2.57142857142857,0.307692307692308,0.588235294117647,0.25,2.00726666666667,2.0123580494322,0.904044447615272,0.857142857142857,1,0.504054415609776,0,0
"623",623,1,8.4,1,2,5,2.85714285714286,0.615384615384615,1.375,0.5,2,1,0.84,0.75,1,0.5,0,0
"624",624,1,5,2,1,5,2.85714285714286,0.0769230769230769,0,0,2,1.83333333333333,0.592592592592593,0.5,0,0.5,0,0
"625",625,2,3.1,1,2,4,2.375,0.260869565217391,1.05555555555556,0.375,2.83333333333333,2.16666666666667,1.14814814814815,0.5,0,0.5,0,0
"626",626,1,3.1,1,1,4,2.875,0.307692307692308,0.588235294117647,0.25,2.00726666666667,2.0123580494322,0.904044447615272,0.5,0,0.375,0,0
"627",627,1,1,1,1,4,2.85714285714286,0.142857142857143,0.6875,0,2.16666666666667,2.83333333333333,1.25925925925926,0.5,0,0.5,0,0
"628",628,2,1.1,2,1,5,2.85714285714286,0.481481481481481,0.875,1.25,2.5,2.5,0.740740740740741,0.625,1,0.75,1,1
"629",629,1,1.8,1,2,4,2.5,0.307692307692308,0.588235294117647,0.25,2.00726666666667,2.0123580494322,0.904044447615272,0.5,0,0.5,0,0
"630",630,2,2.4,2,1,4,3.14285714285714,0.0434782608695652,0.277777777777778,0,1.66666666666667,2.66666666666667,1,0.521274190562416,0,0.504054415609776,0,0
"631",631,1,5.4,1,2,3,2.5,0.307692307692308,0.588235294117647,0.25,2.00726666666667,2.0123580494322,0.904044447615272,0.5,0,0.375,0,0
"632",632,1,2.6,1,1,5,2.71428571428571,0.476190476190476,1.33333333333333,2.14285714285714,2.2,3.2,0.814814814814815,0.521274190562416,0,0.504054415609776,0,0
"633",633,1,6.2,1,1,4,2.5,0.782608695652174,0.944444444444444,0,2.16666666666667,1.83333333333333,1.18518518518519,0.375,0,0.5,0,1
"634",634,2,11.6,1,2,4,2.375,1.09090909090909,0.823529411764706,0.125,2.66666666666667,2.5,0.518518518518518,0.521274190562416,0,0.504054415609776,0,0
"635",635,1,4.4,1,2,5,2.375,1.04545454545455,1.88235294117647,0.625,2.83333333333333,3,1.14814814814815,0.5,0,0.5,0,0
"636",636,1,4.7,1,2,5,2.5,0.3,1.5,0.375,1.83333333333333,1.83333333333333,0.481481481481481,0.625,1,0.5,0,0
"637",637,1,5.2,1,2,4,2.875,0.416666666666667,1,0.428571428571429,2.66666666666667,2,0.888888888888889,0.521274190562416,0,0.504054415609776,0,0
"638",638,1,3.9,2,1,4,2.42857142857143,0.444444444444444,0.944444444444444,0,2.16666666666667,2,0.423076923076923,0.666666666666667,1,0.625,1,0
"639",639,1,2.8,1,1,3,3.25,0.307692307692308,0.588235294117647,0.25,2.00726666666667,2.0123580494322,0.904044447615272,0.142857142857143,0,0.375,0,1
"640",640,2,1.7,1,1,4,2.5,0.0769230769230769,1.11764705882353,0.625,3.33333333333333,2.16666666666667,1.57142857142857,0.521274190562416,0,0.504054415609776,0,0
"641",641,2,6.5,1,2,4,2.125,0.37037037037037,0.777777777777778,0.125,2.33333333333333,1.83333333333333,0.814814814814815,0.25,0,0.333333333333333,0,1
"642",642,1,5.7,1,1,4,3,0.307692307692308,0.588235294117647,0.25,2.00726666666667,2.0123580494322,0.904044447615272,0.5,0,0.5,0,0
"643",643,2,7.4,1,1,5,2.75,0.625,0.647058823529412,0.375,1.83333333333333,2.16666666666667,0.807692307692308,0.625,1,0.625,1,0
"644",644,2,1.2,2,1,4,2.875,0,0.833333333333333,0,0.833333333333333,2,0.481481481481481,0.375,0,0.375,0,0
"645",645,1,4.7,1,2,3,3,1.29166666666667,1.72222222222222,1.83333333333333,3,2.66666666666667,0.636363636363636,0.5,0,0.5,0,0
"646",646,1,1.2,1,2,5,2.375,0.384615384615385,1.11111111111111,0.75,2.33333333333333,1.6,1.44,0.5,0,0.125,0,0
"647",647,2,4.9,1,2,4,2.375,0.444444444444444,1.27777777777778,1,2.83333333333333,2.83333333333333,1.03846153846154,0.5,0,0.5,0,0
"648",648,2,5.4,1,1,4,3,0.307692307692308,0.588235294117647,0.25,2.00726666666667,2.0123580494322,0.904044447615272,0.5,0,0.375,0,0
"649",649,1,6.6,2,1,5,1.625,0.307692307692308,0.588235294117647,0.25,2.00726666666667,2.0123580494322,0.904044447615272,0.5,0,0.625,1,1
"650",650,1,2.3,2,1,4,2.125,0.111111111111111,0.611111111111111,0,1.16666666666667,2,0.407407407407407,0.444444444444444,0,0.5,0,1
"651",651,1,3,1,1,3,2.125,0.407407407407407,0.764705882352941,0.25,1.83333333333333,2,0.481481481481481,0.625,1,0.5,0,0
"652",652,1,11.1,1,1,3,2.25,0.576923076923077,0.470588235294118,0.75,2.5,1.66666666666667,0.555555555555556,0.666666666666667,1,0.5,0,0
"653",653,2,10.2,1,2,4,2.125,2.03846153846154,1.77777777777778,0.625,2.66666666666667,1,0.703703703703704,0.375,0,0.625,1,1
"654",654,2,10.5,2,1,4,2.5,0.296296296296296,0.444444444444444,0.875,0.833333333333333,1.83333333333333,0.653846153846154,0.625,1,0.285714285714286,0,0
"655",655,1,8.1,1,1,4,2.375,0.730769230769231,0.941176470588235,0.125,1.83333333333333,2,0.962962962962963,0.625,1,0.5,0,0
"656",656,1,3.9,1,2,4,2.5,1.73913043478261,1.23529411764706,0.125,2,2.66666666666667,0.730769230769231,0.625,1,0.375,0,0
"657",657,2,7.1,1,2,4,2.375,0.962962962962963,1.66666666666667,1.85714285714286,2.83333333333333,1.5,1.40740740740741,0.5,0,0.5,0,0
"658",658,2,2.2,2,1,4,2.875,0.307692307692308,0.588235294117647,0.25,2.00726666666667,2.0123580494322,0.904044447615272,0.521274190562416,0,0.504054415609776,0,0
"659",659,1,8.2,2,1,4,2.875,0.962962962962963,0.611111111111111,0,2.5,2.33333333333333,0.851851851851852,0.5,0,0.5,0,0
"660",660,2,5.5,2,1,4,2.625,0.703703703703704,0.0555555555555556,0,2.66666666666667,2.83333333333333,0.962962962962963,0.5,0,0.625,1,1
"661",661,1,1.7,2,1,3,2.5,0.148148148148148,0.277777777777778,0,2.33333333333333,2.5,0.791666666666667,0.521274190562416,0,0.504054415609776,0,0
"662",662,1,5.1,2,1,4,2.625,0.555555555555556,0.166666666666667,0,2.66666666666667,1.5,1.11111111111111,0.75,1,0.625,1,0
"663",663,1,4.1,1,1,3,1.75,0.481481481481481,0.611111111111111,0,0.5,0.333333333333333,0.923076923076923,0.625,1,0.5,0,0
"664",664,2,4.1,2,1,3,2.125,0.962962962962963,0.444444444444444,0,2.16666666666667,1.5,0.740740740740741,0.5,0,0.555555555555556,1,1
"665",665,1,7.4,1,1,4,2.375,0.961538461538462,2.05555555555556,0.375,2.16666666666667,0.666666666666667,0.888888888888889,0.375,0,0.5,0,1
"666",666,2,3.9,1,2,3,1.83333333333333,0.307692307692308,0.588235294117647,0.25,2.00726666666667,2.0123580494322,0.904044447615272,0.521274190562416,0,0.4,0,0
"667",667,1,2.4,2,1,4,1.71428571428571,0.615384615384615,1.25,0.833333333333333,0.5,2,0.62962962962963,0.5,0,0.5,0,0
"668",668,2,6.5,2,1,4,1.875,0.961538461538462,1.5,0,1.66666666666667,0.5,0.148148148148148,0.521274190562416,0,0.504054415609776,0,0
"669",669,2,1.5,2,1,4,2.875,0.0769230769230769,0.111111111111111,0.125,1,2.16666666666667,0.777777777777778,0.375,0,0.625,1,1
"670",670,1,3.7,1,1,3,2.625,0.227272727272727,0.5625,0.375,1.5,1.6,0.72,0.5,0,0.5,0,0
"671",671,2,5.7,1,2,2,2.5,0.307692307692308,0.588235294117647,0.25,2.00726666666667,2.0123580494322,0.904044447615272,0.5,0,0.625,1,1
"672",672,2,1.6,2,1,1,2.42857142857143,0.363636363636364,0.4375,1.16666666666667,2.5,2.8,1.5,0.625,1,0.5,0,0
"673",673,1,4.6,2,1,3,2.375,0.28,1.58823529411765,0,1,2.66666666666667,0.772727272727273,0.4,0,0.504054415609776,0,0
"674",674,1,0.7,2,1,3,2.71428571428571,0.230769230769231,0,0.5,1.8,1.5,0.961538461538462,0.5,0,0.7,1,1
"675",675,2,2.8,2,2,4,2,0.153846153846154,0.470588235294118,0,3,2,0.481481481481481,0.375,0,0.5,0,1
"676",676,2,5.5,1,2,4,2.375,0.518518518518518,0.294117647058824,0,2,2.16666666666667,0.851851851851852,0.571428571428571,1,0.375,0,0
"677",677,1,8.8,1,1,2,1.875,0.307692307692308,0.588235294117647,0.25,2.00726666666667,2.0123580494322,0.904044447615272,0.5,0,0.625,1,1
"678",678,1,8.1,1,1,2,2.875,0.666666666666667,0.470588235294118,0,2.33333333333333,1.8,1,0.5,0,0.5,0,0
"679",679,2,9,1,2,2,2.25,0.0740740740740741,0.944444444444444,0.375,2.33333333333333,2.33333333333333,1.07407407407407,0.625,1,0.428571428571429,0,0
"680",680,1,12.1,1,1,3,2.25,0.148148148148148,0.166666666666667,0,1.66666666666667,2,0.222222222222222,0.5,0,0.625,1,1
"681",681,1,4,2,1,4,2.5,0.37037037037037,0.388888888888889,0,1.5,1.66666666666667,0.884615384615385,0.5,0,0.375,0,0
"682",682,2,9,1,1,4,2.75,1.11111111111111,0.277777777777778,0,2.83333333333333,1.66666666666667,0.592592592592593,0.7,1,0.625,1,0
"683",683,2,4.6,1,1,4,3.25,1.22222222222222,0.666666666666667,0,3.16666666666667,1.83333333333333,0.666666666666667,0.375,0,0.25,0,0
"684",684,2,0.7,2,1,4,2.25,0.0869565217391304,0.444444444444444,1.75,1.16666666666667,2.16666666666667,1.2962962962963,0.5,0,0.5,0,0
"685",685,2,1.8,1,1,4,2.375,0.307692307692308,0.588235294117647,0.25,2.00726666666667,2.0123580494322,0.904044447615272,0.5,0,0.5,0,0
"686",686,2,3.8,1,2,5,2.625,0.652173913043478,0.588235294117647,0.875,2.33333333333333,1.83333333333333,0.92,0.5,0,0.25,0,0
"687",687,1,5.4,1,2,4,2.71428571428571,0.478260869565217,0.944444444444444,0.375,1.66666666666667,2.16666666666667,1.19047619047619,0.5,0,0.5,0,0
"688",688,1,2.3,1,1,4,2.625,0.956521739130435,0.944444444444444,2,2.16666666666667,3.16666666666667,1.03703703703704,0.75,1,0.75,1,0
"689",689,1,6.6,1,2,4,2.125,0.307692307692308,0.588235294117647,0.25,2.00726666666667,2.0123580494322,0.904044447615272,0.5,0,0.125,0,0
"690",690,1,3.3,1,1,4,2.625,0.307692307692308,0.588235294117647,0.25,2.00726666666667,2.0123580494322,0.904044447615272,0.5,0,0.5,0,0
"691",691,1,2.9,1,1,2,2.625,0.307692307692308,0.588235294117647,0.25,2.00726666666667,2.0123580494322,0.904044447615272,0.875,1,0.625,1,0
"692",692,2,8.7,1,2,4,2.5,1.38461538461538,1.9375,0.5,2.83333333333333,2.66666666666667,1.7037037037037,0.5,0,0.5,0,0
"693",693,2,6.3,1,1,5,3,0.307692307692308,0.588235294117647,0.25,2.00726666666667,2.0123580494322,0.904044447615272,0.5,0,0.5,0,0
"694",694,1,7.7,1,2,4,2.25,1.77777777777778,2.38888888888889,0,3.5,2,1.22222222222222,0.75,1,0.75,1,0
"695",695,1,3.3,1,2,5,2.75,0.521739130434783,0.944444444444444,0.125,2.16666666666667,1.83333333333333,1.15384615384615,0.5,0,0.5,0,0
"696",696,2,7.2,1,2,5,2.625,0.391304347826087,0.588235294117647,0,2,2.5,0.875,0.625,1,0.375,0,0
"697",697,1,11.4,1,2,5,1.875,1.1304347826087,0.416666666666667,0.625,1.83333333333333,1,0.791666666666667,0.5,0,0.125,0,0
"698",698,1,3,1,1,2,2.25,0.0434782608695652,0.833333333333333,0.75,1.5,1.16666666666667,0.925925925925926,0.75,1,0.625,1,0
"699",699,1,2.9,1,1,4,2.57142857142857,0.235294117647059,0.0714285714285714,0,0,0.833333333333333,0.884615384615385,0.375,0,0.5,0,1
"700",700,2,8.8,1,1,4,2.625,0.259259259259259,0.555555555555556,0,1.83333333333333,1.5,0.6,0.375,0,0.5,0,1
"701",701,2,2.6,1,1,3,3,0.0434782608695652,0.222222222222222,0.25,1.33333333333333,1.5,0.703703703703704,0.625,1,0.625,1,0
"702",702,1,1.5,2,1,3,2.875,0.307692307692308,0.588235294117647,0.25,2.00726666666667,2.0123580494322,0.904044447615272,0.5,0,0.625,1,1
"703",703,2,4.1,1,1,5,2.5,0.407407407407407,0.333333333333333,0.375,1.33333333333333,1.66666666666667,0.703703703703704,0.375,0,0.5,0,1
"704",704,1,2.2,1,2,3,2.125,0.826086956521739,1.11111111111111,0.5,1.83333333333333,2.16666666666667,0.814814814814815,0.875,1,0.375,0,0
