"","sex","age","desexed","purebred","gaze_follow","training_score","aggression_score","fear_score","separation_score","excitability_score","attachment_score","miscellaneous_score","ostensive","ostensive_binary","nonostensive","nonostensive_binary","os_best"
"1",1,6.7,1,2,4,2.125,1.05263157894737,1.23529411764706,0,2.16666666666667,2.33333333333333,0.962962962962963,0.75,1,0.75,1,0
"2",2,0.8,1,2,3,2.75,NA,NA,NA,NA,NA,NA,0.333333333333333,0,0.666666666666667,1,1
"3",1,6.8,1,2,3,2.875,0.230769230769231,0.166666666666667,0,3,1.5,0.72,0.5,0,0.625,1,1
"4",2,5.6,2,1,4,2.42857142857143,0.16,0.222222222222222,0.25,1.8,2,0.481481481481481,0.5,0,0.375,0,0
"5",1,12.7,1,2,4,2.28571428571429,NA,NA,NA,NA,NA,NA,0.777777777777778,1,0.125,0,0
"6",1,4.3,1,2,5,2.75,1.05263157894737,1.5,0,3.5,2.16666666666667,1.44,0.5,0,0.444444444444444,0,0
"7",1,4.1,1,2,3,2.625,0.0434782608695652,0.277777777777778,0.25,1.5,1.16666666666667,0.653846153846154,0.5,0,0.5,0,0
"8",2,8.3,1,2,3,2,0.222222222222222,0.764705882352941,0,2.66666666666667,1.83333333333333,1.26923076923077,NA,NA,NA,NA,NA
"9",2,8.5,1,2,4,1.71428571428571,0.777777777777778,0.529411764705882,0.5,2.16666666666667,1.16666666666667,1.65384615384615,0.5,0,0.666666666666667,1,1
"10",2,5.7,1,2,4,2,1.15384615384615,1.625,1.57142857142857,2.5,2.33333333333333,1.12,0.636363636363636,1,0.5,0,0
"11",1,12.8,1,2,3,1.625,0.592592592592593,1.41176470588235,0.25,2.6,1.83333333333333,0.777777777777778,0.625,1,0.5,0,0
"12",2,3.4,1,1,3,2.25,0.923076923076923,0.733333333333333,0.25,2.16666666666667,2.33333333333333,1.26923076923077,0.5,0,0.25,0,0
"13",2,11.5,1,2,4,2.25,0.269230769230769,1.38888888888889,0,1.66666666666667,1,1.40740740740741,0.25,0,0.5,0,1
"14",2,5.2,2,1,4,2.875,0.961538461538462,0.388888888888889,0.75,3.16666666666667,2.83333333333333,0.666666666666667,0.875,1,0.875,1,0
"15",2,9,1,2,4,2.125,0.307692307692308,0.888888888888889,0.125,2,1.16666666666667,0.444444444444444,0.625,1,0.5,0,0
"16",1,1.3,1,1,4,2.25,0.48,0.764705882352941,1.6,2.5,2.66666666666667,1.80952380952381,0.5,0,0.444444444444444,0,0
"17",2,4.6,1,1,4,2.625,0.0476190476190476,0.875,0,2,2.5,0.703703703703704,0.5,0,0.75,1,1
"18",2,2.8,1,1,3,2.375,0.185185185185185,0.470588235294118,0.5,3,1.16666666666667,0.925925925925926,0.6,1,0.5,0,0
"19",2,1.2,1,1,4,2.625,0.0869565217391304,0.5,1.25,2.83333333333333,3,1.51851851851852,0.5,0,0.5,0,0
"20",1,1.5,1,1,3,2,0,0.823529411764706,0,1.66666666666667,1,0.55,0.75,1,0.75,1,0
"21",2,11.7,1,2,4,2.75,0.185185185185185,1.27777777777778,0.375,2.5,2.33333333333333,0.407407407407407,NA,NA,NA,NA,NA
"22",1,10.9,1,1,4,2.75,NA,NA,NA,NA,NA,NA,0.75,1,0.625,1,0
"23",1,7,1,1,3,2.85714285714286,0.19047619047619,0.235294117647059,0,1.8,2,0.961538461538462,0.5,0,0.625,1,1
"24",1,7.8,1,1,3,2.42857142857143,0.347826086956522,0.5625,0,1.8,2.16666666666667,0.884615384615385,0.5,0,0.375,0,0
"25",1,3.9,1,1,4,2.25,0.269230769230769,0.944444444444444,0.75,2.83333333333333,2.33333333333333,1.25925925925926,0.5,0,0.5,0,0
"26",2,1.5,2,1,NA,2.71428571428571,NA,NA,NA,NA,NA,NA,0.375,0,0.75,1,1
"27",1,1.1,1,1,NA,2.71428571428571,NA,NA,NA,NA,NA,NA,0.375,0,0.5,0,1
"28",1,2.1,1,1,1,2.5,NA,NA,NA,NA,NA,NA,0.375,0,0.375,0,0
"29",2,5.6,2,1,4,2.375,0,0.571428571428571,NA,2,NA,3,0.25,0,0.5,0,1
"30",1,1.5,1,1,NA,2.71428571428571,NA,NA,NA,NA,NA,NA,0.75,1,0.375,0,0
"31",2,2.8,1,1,4,2,NA,NA,NA,NA,NA,NA,0.375,0,0.5,0,1
"32",1,1.5,1,1,NA,2.57142857142857,NA,NA,NA,NA,NA,NA,0.375,0,0.625,1,1
"33",1,4.7,2,1,3,3.125,NA,NA,NA,NA,NA,NA,0.5,0,0.5,0,0
"34",2,2.8,1,1,3,2,NA,NA,NA,NA,NA,NA,NA,NA,NA,NA,NA
"35",1,2.7,1,1,1,1.625,NA,NA,NA,NA,NA,NA,NA,NA,0,0,NA
"36",1,5.4,1,1,3,2.625,NA,NA,NA,NA,NA,NA,0.5,0,0.5,0,0
"37",1,6.3,1,2,3,2.14285714285714,NA,NA,NA,NA,NA,NA,0.5,0,0.5,0,0
"38",1,2.1,1,2,2,2.375,NA,NA,NA,NA,NA,NA,0.375,0,0.25,0,0
"39",2,3.2,2,1,4,2.375,NA,NA,NA,NA,NA,NA,NA,NA,NA,NA,NA
"40",1,7.8,1,1,4,2.75,NA,NA,NA,NA,NA,NA,NA,NA,NA,NA,NA
"41",1,4.4,1,2,4,2,1.07692307692308,0.666666666666667,0.5,2.16666666666667,1.83333333333333,0.740740740740741,0.25,0,0,0,0
"42",1,4.7,1,2,3,2.125,1.15384615384615,0.222222222222222,0,2.5,2.33333333333333,1.2962962962963,0.375,0,0.625,1,1
"43",2,1.1,1,1,3,2.5,0.0909090909090909,0.166666666666667,0.25,2.66666666666667,1.83333333333333,0.846153846153846,0.5,0,0.5,0,0
"44",2,3.2,1,2,3,2.75,NA,NA,NA,NA,NA,NA,0.375,0,0.5,0,1
"45",2,6.7,1,1,4,2.125,0,0.722222222222222,0,0.666666666666667,1,0.296296296296296,0.5,0,0.375,0,0
"46",2,1.7,2,1,5,2.375,NA,NA,NA,NA,NA,NA,0,0,NA,NA,NA
"47",2,1.7,2,1,4,2.25,NA,NA,NA,NA,NA,NA,NA,NA,0.571428571428571,1,NA
"48",1,1.3,1,1,3,2.25,NA,NA,NA,NA,NA,NA,0.375,0,0.333333333333333,0,0
"49",1,4.8,1,2,4,1.875,NA,NA,NA,NA,NA,NA,NA,NA,NA,NA,NA
"50",1,2,1,2,5,2.875,NA,NA,NA,NA,NA,NA,NA,NA,NA,NA,NA
"51",2,2.2,1,1,5,2.5,0.814814814814815,0.888888888888889,0.625,2.5,1.5,0.5,0.5,0,0.125,0,0
"52",2,8.9,1,1,3,2.375,0.0740740740740741,0.555555555555556,0.875,1.66666666666667,2.33333333333333,0.52,0.5,0,0.5,0,0
"53",2,1,1,1,2,2.5,0.272727272727273,0.529411764705882,2,1.83333333333333,2.8,1.625,NA,NA,NA,NA,NA
"54",1,4,1,2,2,1.75,0.296296296296296,0.611111111111111,0,2.83333333333333,2.5,1.34782608695652,NA,NA,NA,NA,NA
"55",1,7.9,1,2,3,2,NA,NA,NA,NA,NA,NA,NA,NA,NA,NA,NA
"56",1,6.4,1,1,3,2.5,NA,NA,NA,NA,NA,NA,0.5,0,0.5,0,0
"57",2,2.4,2,1,2,2.625,NA,NA,NA,NA,NA,NA,0.5,0,0.5,0,0
"58",2,4,2,1,4,2,0,0,1.28571428571429,2.5,0,1.41666666666667,0.5,0,0.5,0,0
"59",2,4,1,1,4,2.25,0.666666666666667,1.42857142857143,2,2.66666666666667,0,2.125,0.75,1,0.75,1,0
"60",1,4,1,1,3,2.75,0,1.16666666666667,1.4,2.33333333333333,0,0.6,0.625,1,0.625,1,0
"61",1,5.6,1,2,2,2.25,NA,NA,NA,NA,NA,NA,0.125,0,0.375,0,1
"62",1,4.5,1,2,4,2.75,0.296296296296296,0.333333333333333,1.75,3.5,4,2.03703703703704,0.5,0,0.75,1,1
"63",2,4.4,1,2,3,2.5,0,0.333333333333333,1,2.83333333333333,3.16666666666667,0.925925925925926,0.625,1,0.5,0,0
"64",1,6.6,1,1,3,2.375,0,0.222222222222222,0,2.33333333333333,2.5,0.68,0.625,1,0.375,0,0
"65",1,6.6,1,1,3,2.42857142857143,NA,NA,NA,NA,NA,NA,0.625,1,0.5,0,0
"66",2,6.6,1,2,NA,2.14285714285714,0.380952380952381,1.125,0,1.16666666666667,2.16666666666667,0.62962962962963,0.375,0,0.666666666666667,1,1
"67",1,4,1,2,3,3,0.173913043478261,0.647058823529412,0.125,2.16666666666667,1.16666666666667,1.07407407407407,0.125,0,0.5,0,1
"68",1,10.4,1,1,4,2.25,0.185185185185185,0.277777777777778,0,1.5,3,0.56,0.5,0,0.5,0,0
"69",2,1.3,1,1,3,2.875,0,0.388888888888889,0.857142857142857,2,1.66666666666667,1.09090909090909,0.5,0,0.142857142857143,0,0
"70",2,1.5,1,1,4,2.875,0.259259259259259,0.166666666666667,1.125,1.16666666666667,1.83333333333333,1,0.5,0,0.4,0,0
"71",1,6.3,1,1,3,2.25,0.818181818181818,0.5,0.142857142857143,1.5,1.33333333333333,0.56,NA,NA,NA,NA,NA
"72",2,2.6,1,1,4,2.125,0.230769230769231,0.764705882352941,0.5,1.83333333333333,1.16666666666667,1.08333333333333,0.875,1,0.25,0,0
"73",2,0.9,1,1,3,2.5,0.037037037037037,0.111111111111111,0.625,1.83333333333333,1.33333333333333,1.28,0.625,1,0.444444444444444,0,0
"74",1,5.9,1,2,4,3.16666666666667,0.947368421052632,0.733333333333333,1.28571428571429,0.333333333333333,1.2,0.538461538461538,0.222222222222222,0,0.5,0,1
"75",1,3.5,1,1,3,2.625,0.458333333333333,1.11111111111111,0.25,2,2,0.62962962962963,0.25,0,0.125,0,0
"76",2,1.8,1,2,4,2.85714285714286,0.521739130434783,0.5625,0.5,2,2.4,0.962962962962963,0.4,0,0,0,0
"77",2,2.5,1,1,3,2.125,0,NA,NA,NA,NA,NA,0.5,0,0.545454545454545,1,1
"78",2,2.1,1,2,4,2.5,0.44,0.944444444444444,0.25,1,2.5,1.07407407407407,NA,NA,NA,NA,NA
"79",2,12.1,1,2,4,2.71428571428571,0.894736842105263,1.11764705882353,0,2.5,2,0.962962962962963,0.25,0,0.5,0,1
"80",2,6.1,1,1,3,2.125,0.653846153846154,0.5,0,2.33333333333333,2.66666666666667,1.03846153846154,0.5,0,0.5,0,0
"81",1,2.3,2,2,4,2.375,NA,NA,NA,NA,NA,NA,0.5,0,0.555555555555556,1,1
"82",1,1.8,1,2,4,2.71428571428571,0.526315789473684,1,0,2.6,2,1.16,0.5,0,0.5,0,0
"83",1,1.9,1,2,3,2.125,NA,NA,NA,NA,NA,NA,0.5,0,0.5,0,0
"84",1,0.9,1,2,4,2.5,NA,NA,NA,NA,NA,NA,0.375,0,0.444444444444444,0,1
"85",2,3,1,2,4,2.125,0.454545454545455,1.05882352941176,1,2.33333333333333,2.83333333333333,1.11538461538462,NA,NA,NA,NA,NA
"86",2,1.3,1,1,3,2.375,0.461538461538462,1,0.125,1.66666666666667,1.66666666666667,0.962962962962963,0.444444444444444,0,0.5,0,1
"87",2,2,1,1,4,2.625,0.19047619047619,0.705882352941177,0.125,1.16666666666667,2.16666666666667,1.18518518518519,0.428571428571429,0,NA,NA,NA
"88",1,1.8,1,2,3,2.42857142857143,0.318181818181818,0.888888888888889,0.125,0.666666666666667,1.66666666666667,0.923076923076923,0.5,0,0.555555555555556,1,1
"89",2,4,1,2,3,2.85714285714286,0.0909090909090909,0.611111111111111,0,1.66666666666667,1.25,0.555555555555556,0.25,0,NA,NA,NA
"90",1,4.5,1,2,3,2.875,0.0869565217391304,0.5,0,2.33333333333333,1.5,0.615384615384615,0.625,1,0.25,0,0
"91",2,2.5,1,2,3,2.5,0.363636363636364,0.588235294117647,0.75,2.83333333333333,2.5,1.40740740740741,0.5,0,0.555555555555556,1,1
"92",1,NA,1,2,2,2.25,0.260869565217391,1.16666666666667,0,1.4,2.33333333333333,0.461538461538462,NA,NA,NA,NA,NA
"93",1,7.9,1,2,4,2.625,NA,NA,NA,NA,NA,NA,0.375,0,0.375,0,0
"94",1,3.9,2,2,3,2.57142857142857,NA,NA,NA,NA,NA,NA,0.625,1,NA,NA,NA
"95",1,NA,1,2,2,2.25,NA,NA,NA,NA,NA,NA,0.5,0,0.25,0,0
"96",1,NA,1,2,3,2.33333333333333,0.52,1.17647058823529,1.25,1.6,2.16666666666667,1.58333333333333,0.375,0,0.625,1,1
"97",1,NA,1,2,4,2.375,0.307692307692308,0.470588235294118,0.75,2.4,2,1.42307692307692,0.75,1,0.142857142857143,0,0
"98",1,NA,1,2,4,2.25,0.227272727272727,0.388888888888889,0.25,2,2.66666666666667,1.14814814814815,0.5,0,0.75,1,1
"99",2,NA,1,2,4,2.5,0.869565217391304,1.33333333333333,1.375,2.4,2.16666666666667,1.18518518518519,NA,NA,NA,NA,NA
"100",1,NA,1,2,2,2.5,0.130434782608696,NA,NA,NA,NA,NA,0.444444444444444,0,0.25,0,0
"101",2,NA,1,1,2,2.625,0.923076923076923,NA,0,3.5,1.83333333333333,0.962962962962963,0.5,0,0.375,0,0
"102",2,NA,1,1,3,1.75,1.03703703703704,0.277777777777778,0,2.6,1.66666666666667,0.851851851851852,0.4,0,0,0,0
"103",2,NA,1,1,3,2,0.777777777777778,0.444444444444444,0,2.4,1.16666666666667,0.703703703703704,0.5,0,0.625,1,1
"104",1,NA,1,2,3,2.125,0.851851851851852,1,0.125,2.8,1.8,1,0.625,1,0.625,1,0
"105",2,1.9,2,1,3,NA,NA,NA,NA,NA,NA,NA,NA,NA,0.8,1,NA
"106",2,NA,1,1,4,2,NA,NA,NA,NA,NA,NA,NA,NA,NA,NA,NA
"107",2,NA,1,2,3,2.5,NA,NA,NA,NA,NA,NA,NA,NA,0.2,0,NA
"108",1,NA,1,1,4,2.625,NA,NA,NA,NA,NA,NA,0.625,1,0.25,0,0
"109",1,NA,1,2,3,2.875,0.444444444444444,1.11111111111111,0.25,1.6,2,0.962962962962963,0.5,0,0.75,1,1
"110",2,5.9,1,2,4,2.125,0.56,1.72222222222222,0,1,0.833333333333333,0.666666666666667,0.125,0,0.375,0,1
"111",2,NA,1,2,3,2.71428571428571,0.2,0.142857142857143,0.142857142857143,1.6,1.83333333333333,1.22222222222222,0.5,0,0.5,0,0
"112",2,NA,1,1,3,2.875,0.478260869565217,0.117647058823529,0,2.6,2.33333333333333,1.03703703703704,0.75,1,1,1,1
"113",1,6.2,1,2,3,NA,NA,NA,NA,NA,NA,NA,NA,NA,0.75,1,NA
"114",2,6.1,1,2,3,2.75,0.916666666666667,1.13333333333333,1,2.2,3.16666666666667,0.769230769230769,NA,NA,NA,NA,NA
"115",1,0.5,2,2,4,2.375,NA,NA,NA,NA,NA,NA,NA,NA,NA,NA,NA
"116",2,1.2,2,1,3,2.25,0.0434782608695652,1.05555555555556,1.5,2.8,1.83333333333333,1.08695652173913,0.5,0,0.625,1,1
"117",2,4.2,1,2,3,2.5,0,1.41176470588235,0,1.8,3.5,0.62962962962963,0.777777777777778,1,0.75,1,0
"118",2,4.4,1,2,3,2.42857142857143,0.32,0.888888888888889,0.125,2.4,1.83333333333333,1.40740740740741,0.625,1,0.375,0,0
"119",1,4.1,1,2,3,2.85714285714286,1.04,1.22222222222222,0.25,2.2,3,1.07407407407407,0.625,1,0.375,0,0
"120",2,3.3,1,2,3,2.375,0.55,0.294117647058824,1,1.6,2.66666666666667,0.846153846153846,NA,NA,0,0,NA
"121",2,4.9,1,1,3,2.5,0.260869565217391,0.722222222222222,0.875,3,3.4,1.37037037037037,0.5,0,0.5,0,0
"122",1,3.9,1,2,4,2.14285714285714,0.863636363636364,2.23529411764706,0.125,2.8,1.66666666666667,0.888888888888889,0.75,1,0.25,0,0
"123",2,4.5,2,1,4,2.375,NA,NA,NA,NA,NA,NA,NA,NA,NA,NA,NA
"124",2,3.5,1,2,3,2,0.458333333333333,0.466666666666667,0.125,1.16666666666667,1,0.444444444444444,0.5,0,0.5,0,0
"125",1,2.6,1,2,4,2,NA,NA,NA,NA,NA,NA,0.375,0,0.5,0,1
"126",2,3.5,1,2,5,2.625,NA,NA,NA,NA,NA,NA,0.625,1,0.75,1,1
"127",1,1.6,1,2,NA,2.375,0.590909090909091,0.647058823529412,1.42857142857143,3.16666666666667,2.16666666666667,1.16666666666667,0.75,1,0.666666666666667,1,0
"128",1,3.5,1,2,1,2.16666666666667,0.217391304347826,0.529411764705882,0,1.83333333333333,1.16666666666667,0.592592592592593,NA,NA,NA,NA,NA
"129",2,1.2,1,2,3,2.25,NA,NA,NA,NA,NA,NA,NA,NA,NA,NA,NA
"130",1,1.4,1,2,4,2.375,0.173913043478261,0.277777777777778,0.25,1.4,1.83333333333333,0.814814814814815,0.75,1,0.75,1,0
"131",2,1.3,1,1,3,2.375,0.619047619047619,0.5,1.125,2.5,2.33333333333333,1.38461538461538,0.5,0,0.5,0,0
"132",1,11,1,2,3,2.14285714285714,0.409090909090909,0.75,0.25,1.83333333333333,1.16666666666667,1.11538461538462,0.625,1,0.5,0,0
"133",2,6.9,1,2,3,2,NA,NA,NA,NA,NA,NA,0.375,0,0.5,0,1
"134",1,9.3,1,1,4,2.5,NA,NA,NA,NA,NA,NA,NA,NA,NA,NA,NA
"135",2,2.2,1,2,3,2.625,NA,NA,NA,NA,NA,NA,0,0,NA,NA,NA
"136",1,7.8,1,1,4,2,0.5,0.888888888888889,1.5,2.5,1.83333333333333,0.814814814814815,0.5,0,0.5,0,0
"137",2,1.9,2,2,3,2.375,0.0869565217391304,0.666666666666667,1,2.4,2.33333333333333,1.16666666666667,0.5,0,0.625,1,1
"138",2,5.7,1,2,3,2.625,0,0.944444444444444,0.5,2.33333333333333,2.33333333333333,0.555555555555556,0.5,0,0.5,0,0
"139",1,1.3,1,1,3,2.71428571428571,0.565217391304348,0.823529411764706,1,2.33333333333333,3.16666666666667,1.88461538461538,0.375,0,0.5,0,1
"140",2,5,1,2,5,2.375,0,1.38888888888889,1.25,3.16666666666667,2.83333333333333,1.22222222222222,0.375,0,0.5,0,1
"141",2,1.6,1,2,2,2.5,NA,NA,NA,NA,NA,NA,0.75,1,0.444444444444444,0,0
"142",2,0.7,2,2,3,2.125,0.173913043478261,0.611111111111111,1.125,1.5,1.2,1.5,0.333333333333333,0,0.75,1,1
"143",2,5.9,1,2,5,2.625,0.565217391304348,0.777777777777778,0.5,1.83333333333333,2,0.481481481481481,0.625,1,0.75,1,1
"144",2,2.5,1,2,NA,2.57142857142857,0.269230769230769,1.41176470588235,0.5,2,1,0.846153846153846,0.25,0,0.75,1,1
"145",1,0.9,1,2,4,2.5,NA,NA,NA,NA,NA,NA,0.5,0,0.5,0,0
"146",1,6.1,1,1,3,2.66666666666667,NA,NA,NA,NA,NA,NA,NA,NA,NA,NA,NA
"147",1,6.3,1,1,2,1.75,NA,NA,NA,NA,NA,NA,NA,NA,NA,NA,NA
"148",2,9.9,1,2,2,1.375,NA,NA,NA,NA,NA,NA,0.444444444444444,0,0.428571428571429,0,0
"149",1,7.9,1,1,3,2.5,NA,NA,NA,NA,NA,NA,0.75,1,0.625,1,0
"150",1,2.1,1,1,3,2.375,NA,NA,NA,NA,NA,NA,NA,NA,NA,NA,NA
"151",2,6.3,1,1,3,2.375,0.142857142857143,0.882352941176471,0,3.16666666666667,2.83333333333333,0.962962962962963,0.625,1,0.5,0,0
"152",1,7.1,1,1,5,2.625,NA,NA,NA,NA,NA,NA,0.5,0,0.875,1,1
"153",2,10.2,1,2,4,2.5,0.555555555555556,1,0.625,1.5,2.83333333333333,0.814814814814815,NA,NA,NA,NA,NA
"154",1,11.8,1,2,4,2.75,0.409090909090909,0.588235294117647,0,2.8,1.83333333333333,0.814814814814815,0.375,0,0.625,1,1
"155",2,7.7,1,2,4,2,1.08695652173913,1.5,1.75,2.16666666666667,2.83333333333333,1.07407407407407,0.4,0,0.285714285714286,0,0
"156",2,5.8,1,2,4,2.25,0.296296296296296,0.444444444444444,1,2.83333333333333,1.33333333333333,1.07407407407407,0.666666666666667,1,NA,NA,NA
"157",1,3,1,2,5,2.375,0.384615384615385,0.117647058823529,0.625,3.16666666666667,3.16666666666667,1.24,NA,NA,NA,NA,NA
"158",1,4.4,1,2,3,3,0.666666666666667,0.8,0,2.5,1.25,1,0.875,1,0.625,1,0
"159",1,9.7,1,2,2,2.375,0.37037037037037,0.333333333333333,0,2,2.16666666666667,0.962962962962963,NA,NA,NA,NA,NA
"160",2,3.4,1,2,3,2.57142857142857,0.0416666666666667,0.470588235294118,1.125,2.33333333333333,0.666666666666667,1.59259259259259,0.875,1,0.75,1,0
"161",2,4.8,1,1,2,2.57142857142857,NA,NA,NA,NA,NA,NA,0.5,0,0.25,0,0
"162",1,7.7,1,1,4,2.5,NA,NA,NA,NA,NA,NA,0.285714285714286,0,0.5,0,1
"163",2,8.8,1,2,4,2.125,NA,NA,NA,NA,NA,NA,0.625,1,0.5,0,0
"164",2,8.2,1,1,4,2.625,0.346153846153846,0.222222222222222,0,1.33333333333333,0.833333333333333,0.37037037037037,0.5,0,0.5,0,0
"165",2,7.8,1,1,3,2.5,0,0.5,0,0.833333333333333,0.8,0.555555555555556,0.75,1,0.75,1,0
"166",1,3.1,1,1,4,3.25,0.565217391304348,1.29411764705882,0.125,2.83333333333333,2.16666666666667,1,0.375,0,0.375,0,0
"167",2,4.8,1,1,3,2,NA,NA,NA,NA,NA,NA,NA,NA,NA,NA,NA
"168",1,4.2,1,1,2,2,0.259259259259259,0.277777777777778,0.125,1.8,1.5,1.03703703703704,0.625,1,NA,NA,NA
"169",2,3.2,1,1,4,2.75,1.18518518518519,0.222222222222222,1.5,2,3.5,1.26315789473684,0.75,1,0.75,1,0
"170",2,7.5,1,1,3,2.625,0.173913043478261,0.722222222222222,0.5,1.5,2,1,0.5,0,0.5,0,0
"171",1,3.3,1,2,3,2.125,0.19047619047619,1.29411764705882,0.125,2.6,1.66666666666667,1.14814814814815,0.5,0,0.5,0,0
"172",2,0.5,1,2,2,2.42857142857143,1.70588235294118,1.64705882352941,0.75,3.8,2.8,1.52173913043478,0.5,0,0.5,0,0
"173",2,1.7,1,2,2,3.25,1.11111111111111,1,0.75,3,4,1.68,1,1,0.625,1,0
"174",2,7.2,1,2,3,1.875,NA,NA,NA,NA,NA,NA,NA,NA,NA,NA,NA
"175",2,1.4,1,1,4,2.5,0.181818181818182,0.5,1.125,2.2,2.6,1.46153846153846,0.125,0,0.5,0,1
"176",2,5.5,1,1,3,2.375,0.222222222222222,0.5,0,1.8,3,0.740740740740741,0.5,0,0.714285714285714,1,1
"177",1,1.8,1,1,4,2.375,0.62962962962963,0.777777777777778,1.83333333333333,3,3,1.84615384615385,0.375,0,0.375,0,0
"178",1,4.7,1,1,4,2,0.423076923076923,0.333333333333333,0.125,1.25,1.5,0.875,NA,NA,NA,NA,NA
"179",1,3.2,1,2,3,2.5,0.0869565217391304,0.5,0,2.4,2.4,0.730769230769231,0.625,1,0.375,0,0
"180",1,2.3,1,1,4,2.75,0.423076923076923,0.375,0.428571428571429,2.6,2.6,1.42105263157895,NA,NA,NA,NA,NA
"181",2,6.3,1,1,3,1.875,0.481481481481481,0.166666666666667,0.625,NA,NA,NA,0.375,0,0.25,0,0
"182",2,5.2,1,2,3,2.875,0.037037037037037,0.166666666666667,0.25,3.8,1.33333333333333,1.59259259259259,0.5,0,0.5,0,0
"183",1,2.1,1,2,2,2.5,0.565217391304348,0.722222222222222,NA,2.2,2.33333333333333,1.30769230769231,NA,NA,0.375,0,NA
"184",1,7.8,1,1,4,2.5,0.956521739130435,1,1.25,3.83333333333333,3.16666666666667,1.625,0.625,1,0.625,1,0
"185",1,4.5,1,2,3,2.625,0.518518518518518,0.222222222222222,0.25,3,1.33333333333333,1.11111111111111,0.625,1,0.75,1,1
"186",1,1.9,1,2,4,2.375,0.222222222222222,0.941176470588235,1,2.8,1.8,1.44444444444444,0.375,0,0.375,0,0
"187",1,5,1,1,3,2.5,0.217391304347826,1.16666666666667,0,1.4,1.83333333333333,0.407407407407407,NA,NA,NA,NA,NA
"188",2,5.9,1,1,4,2,0.19047619047619,0.636363636363636,0.142857142857143,1.16666666666667,0,0.555555555555556,0.625,1,0.625,1,0
"189",2,5.3,1,2,3,2.8,0.884615384615385,1,0.125,2.83333333333333,3.66666666666667,0.259259259259259,NA,NA,0,0,NA
"190",2,7.8,1,1,3,2.66666666666667,0.75,1.82352941176471,1.14285714285714,1.83333333333333,1.83333333333333,1.07407407407407,0.875,1,0.625,1,0
"191",1,4.4,1,2,3,2.375,NA,NA,NA,NA,NA,NA,0.5,0,0.25,0,0
"192",2,4.5,1,1,4,2.125,0.037037037037037,0.666666666666667,1.25,2.2,2.16666666666667,0.555555555555556,0.666666666666667,1,NA,NA,NA
"193",1,2,1,2,2,2.25,0.25,1.05555555555556,0.25,2.6,2,0.62962962962963,NA,NA,0.666666666666667,1,NA
"194",2,4.2,1,2,2,2.125,0.037037037037037,0,0,2.33333333333333,1.2,0.740740740740741,0.25,0,0.5,0,1
"195",2,2,1,1,2,2.25,0.0384615384615385,0.588235294117647,0.875,2.5,2.16666666666667,0.925925925925926,NA,NA,NA,NA,NA
"196",1,10.3,1,2,4,2.625,0.555555555555556,0.777777777777778,0,3.6,2.83333333333333,0.703703703703704,NA,NA,NA,NA,NA
"197",1,1.3,1,2,4,2.5,0.0434782608695652,0.941176470588235,0.25,1.8,2.16666666666667,1.40740740740741,NA,NA,NA,NA,NA
"198",1,6.7,1,2,2,2.14285714285714,NA,NA,NA,NA,NA,NA,NA,NA,NA,NA,NA
"199",2,2.5,1,2,4,2.5,0.037037037037037,0.166666666666667,1.125,2.2,2.33333333333333,0.740740740740741,0,0,0.25,0,1
"200",2,12.7,1,2,3,3.125,0.0434782608695652,0.705882352941177,0.125,1.33333333333333,2,1.23809523809524,NA,NA,NA,NA,NA
"201",2,5.4,1,1,NA,2,0.222222222222222,0.222222222222222,2.125,2.5,2,1.61538461538462,NA,NA,NA,NA,NA
"202",2,5.4,1,1,4,2,0.307692307692308,0.352941176470588,2.16666666666667,3.2,1.66666666666667,1.5,0.625,1,1,1,1
"203",1,1.2,1,2,4,2.25,0.05,0.411764705882353,0,1.6,2.8,0.88,0.5,0,0.625,1,1
"204",2,7.5,1,2,4,2.375,0,0.875,2.66666666666667,0.166666666666667,1.66666666666667,0.230769230769231,0.625,1,0,0,0
"205",2,1.3,2,1,3,2.25,0.0869565217391304,0.333333333333333,1.25,3,3.16666666666667,1.03846153846154,0.5,0,0.625,1,1
"206",2,7.9,1,2,4,2.25,0.173913043478261,0.611111111111111,0.75,2.4,2.66666666666667,0.518518518518518,0.75,1,0.5,0,0
"207",1,1.7,1,1,4,2.75,0.185185185185185,0.722222222222222,0.25,4,2.5,2.15384615384615,0.625,1,0.5,0,0
"208",1,2.7,2,1,3,1.75,NA,NA,NA,NA,NA,NA,NA,NA,NA,NA,NA
"209",1,3.9,1,2,4,2.375,NA,NA,NA,NA,NA,NA,0.5,0,0.4,0,0
"210",1,2.4,1,2,3,2.85714285714286,0,0.8,0,1.8,1.83333333333333,0.56,NA,NA,NA,NA,NA
"211",1,2.2,1,1,3,2.5,0.5,0.588235294117647,0.428571428571429,2.16666666666667,2.5,0.91304347826087,0.5,0,0.25,0,0
"212",1,2.6,1,1,4,1.875,NA,NA,NA,NA,NA,NA,0.25,0,0.625,1,1
"213",2,4.7,1,2,4,2.42857142857143,NA,NA,NA,NA,NA,NA,0.625,1,0.75,1,1
"214",1,4.6,1,2,4,2.57142857142857,NA,NA,NA,NA,NA,NA,0.5,0,NA,NA,NA
"215",1,4.8,1,1,3,2.375,0.6,0.2,0,1.66666666666667,1.83333333333333,1.25925925925926,0.5,0,0.625,1,1
"216",1,1.5,1,1,3,2.375,0.407407407407407,0.666666666666667,0,1.33333333333333,1.66666666666667,0.703703703703704,NA,NA,NA,NA,NA
"217",2,0.5,1,2,2,2.5,0.307692307692308,1.17647058823529,0,1.5,3,0.458333333333333,0.375,0,0.5,0,1
"218",2,8.2,1,2,3,2.5,0.884615384615385,0.823529411764706,0.125,2.83333333333333,1.5,0.777777777777778,0.5,0,0.5,0,0
"219",1,2.1,1,2,4,3,0,1.27272727272727,0.142857142857143,0.5,2,0.333333333333333,NA,NA,NA,NA,NA
"220",2,0.6,2,1,2,2.5,0.636363636363636,1,2,2,2.8,1.30769230769231,NA,NA,0.333333333333333,0,NA
"221",2,1,1,2,3,2.625,0.0869565217391304,1.64705882352941,2,2,1.66666666666667,1.37037037037037,0.375,0,0.25,0,0
"222",2,1.2,2,2,4,2.25,NA,NA,NA,NA,NA,NA,NA,NA,0.714285714285714,1,NA
"223",2,2.4,1,1,3,3.16666666666667,0.05,0.176470588235294,0.75,1.5,2.5,0.909090909090909,0.75,1,0.375,0,0
"224",1,5,1,2,3,2.875,0.0909090909090909,0,0.25,2,1.5,0.4,0.5,0,0,0,0
"225",2,2.3,1,2,4,2.75,1.48148148148148,0.611111111111111,0.625,3,3.2,2.26923076923077,0.25,0,0.375,0,1
"226",1,4.5,1,2,4,2.25,1.03703703703704,1.5,0.125,2.66666666666667,1.75,0.769230769230769,NA,NA,NA,NA,NA
"227",1,3.4,1,2,3,2.375,NA,NA,NA,NA,NA,NA,0.5,0,0,0,0
"228",1,6.1,1,1,3,2.25,0.384615384615385,0.444444444444444,0,1.83333333333333,1.5,1.48148148148148,0.75,1,0.5,0,0
"229",2,2.4,1,2,4,2.625,0.956521739130435,0.9375,2,3,2.8,1.21739130434783,NA,NA,NA,NA,NA
"230",2,2.1,1,1,3,2.25,NA,NA,NA,NA,NA,NA,0,0,0.5,0,1
"231",2,5.3,1,1,3,2.25,0.333333333333333,0.888888888888889,1.14285714285714,2,1.5,0.72,0.375,0,0,0,0
"232",1,1.7,2,2,4,2.5,0,0.0588235294117647,1.125,1.4,1.66666666666667,0.346153846153846,0.5,0,0.75,1,1
"233",1,1.6,2,2,1,2.625,0,0,0,0.833333333333333,1.16666666666667,0.153846153846154,0.444444444444444,0,0.5,0,1
"234",1,1.6,1,2,4,2.85714285714286,0.222222222222222,0.444444444444444,0.25,1,2.33333333333333,0.259259259259259,0,0,0.5,0,1
"235",1,1.6,2,2,3,2.375,0,0.176470588235294,0.285714285714286,3,3.66666666666667,1.2,1,1,0.75,1,0
"236",1,1.6,2,2,2,2.5,0,0.166666666666667,0,3,1.66666666666667,0.576923076923077,0.5,0,0.375,0,0
"237",1,1.5,2,2,NA,1.625,0,0.333333333333333,0,1,0.833333333333333,0.0740740740740741,0.25,0,0.375,0,1
"238",1,1.5,2,2,NA,2.71428571428571,0,0.125,0.375,1.16666666666667,1.83333333333333,0.2,0.5,0,0.6,1,1
"239",1,1.5,2,1,3,2.625,0,0.588235294117647,0,0.333333333333333,1.2,0.111111111111111,0.375,0,0.375,0,0
"240",1,1.3,2,2,3,2.625,0.0740740740740741,0.111111111111111,0,1.16666666666667,0.666666666666667,0.296296296296296,0.5,0,0.125,0,0
"241",1,1.5,1,1,3,3,0,0,0,0.666666666666667,1.66666666666667,0.115384615384615,0.5,0,0.25,0,0
"242",1,1.5,2,2,NA,2.25,0,0.166666666666667,0.25,1.33333333333333,1.66666666666667,0.583333333333333,0.5,0,0.875,1,1
"243",2,1.5,2,1,5,2.5,0,0.166666666666667,0.25,1,1.33333333333333,0.384615384615385,0.5,0,0.375,0,0
"244",1,1.5,2,2,3,2.625,0.0740740740740741,1.05882352941176,0.625,2,2.66666666666667,0.814814814814815,0.25,0,0.375,0,1
"245",1,1.5,2,2,5,2.625,0,0.294117647058824,0.125,1.33333333333333,1.5,0.037037037037037,0.5,0,NA,NA,NA
"246",1,1.4,1,2,2,2.5,0.148148148148148,0.333333333333333,0,0.666666666666667,0.833333333333333,0.64,0.375,0,0.5,0,1
"247",2,1.4,1,1,3,2.375,0,0.111111111111111,0.5,1.16666666666667,1.4,0.851851851851852,0.5,0,0.375,0,0
"248",1,1.4,2,1,2,2.125,0,0.111111111111111,0.125,0.833333333333333,1,0,0.5,0,0.75,1,1
"249",1,1.5,2,2,4,3,0,0.0555555555555556,0,1.16666666666667,2,0.148148148148148,0.5,0,0.5,0,0
"250",1,1.5,2,2,2,2.5,0.037037037037037,0.277777777777778,0.25,0.5,2.5,0.869565217391304,NA,NA,NA,NA,NA
"251",2,1.5,1,2,NA,2.57142857142857,0,0.555555555555556,0.5,0.666666666666667,0.333333333333333,0.37037037037037,0.375,0,0.5,0,1
"252",2,1.5,1,2,NA,2.25,0,0,0,1.16666666666667,1.16666666666667,0.111111111111111,0.75,1,0.5,0,0
"253",2,1.4,2,2,4,2.375,0,0.444444444444444,1.66666666666667,0.666666666666667,1.66666666666667,0.380952380952381,NA,NA,NA,NA,NA
"254",2,1.4,1,1,3,2.5,0,0.277777777777778,0,1.16666666666667,1.66666666666667,0.481481481481481,NA,NA,0,0,NA
"255",2,1.4,1,2,4,2.375,NA,NA,NA,NA,NA,NA,0.5,0,0.5,0,0
"256",1,1.3,2,2,4,2.57142857142857,0,0,0,1,1.66666666666667,0.269230769230769,0.5,0,0.375,0,0
"257",1,1.3,2,2,3,2.75,0,0.222222222222222,0,1.33333333333333,1.33333333333333,0.384615384615385,0.333333333333333,0,0,0,0
"258",1,5,1,1,4,2.75,0.333333333333333,0.5,0.125,1.66666666666667,2.5,0.888888888888889,0.5,0,0.125,0,0
"259",2,12.8,1,1,3,3,1.17391304347826,1.11764705882353,1,2.33333333333333,1.5,1.03703703703704,0.5,0,0.5,0,0
"260",2,3.8,1,1,3,2.875,0,0.166666666666667,0,3,2.16666666666667,0.615384615384615,0.5,0,0.5,0,0
"261",1,2.4,1,2,3,2.625,0,0.833333333333333,0.875,0.833333333333333,1.66666666666667,1.22222222222222,0.625,1,0.125,0,0
"262",2,1.5,1,1,3,3,0.318181818181818,0.444444444444444,0.5,1.83333333333333,3,1.11111111111111,0.375,0,0.5,0,1
"263",1,2.2,1,1,2,2.28571428571429,0.185185185185185,0.777777777777778,0.428571428571429,1.5,2.5,1.03703703703704,0.625,1,0.625,1,0
"264",1,3.4,1,1,3,2.28571428571429,0.0454545454545455,0.611111111111111,0.375,2,1.33333333333333,0.56,0.625,1,0.5,0,0
"265",1,4.4,1,2,4,2.625,0.318181818181818,0.529411764705882,0.375,2,2.33333333333333,1.42307692307692,1,1,0.8,1,0
"266",2,2.8,1,1,3,2.625,0.153846153846154,0.166666666666667,0.125,2,3,0.958333333333333,0.625,1,0.625,1,0
"267",1,1.9,1,1,4,2.75,0.148148148148148,0.411764705882353,0.375,2,1.16666666666667,1.03703703703704,0.5,0,0.5,0,0
"268",2,1.8,1,2,3,2.5,1.13636363636364,0.882352941176471,0.375,3.16666666666667,3,0.958333333333333,0.75,1,0.5,0,0
"269",2,2.7,1,1,2,2.57142857142857,0.111111111111111,0.444444444444444,1.25,3.16666666666667,2,0.92,0.875,1,0.5,0,0
"270",2,4.9,1,2,3,2.75,0.777777777777778,0.647058823529412,1.25,2.83333333333333,2.83333333333333,1.37037037037037,0.625,1,0.375,0,0
"271",1,8.2,1,2,4,2.625,0.333333333333333,0.444444444444444,0,1.66666666666667,1.83333333333333,1,0.75,1,0.625,1,0
"272",2,2.3,1,2,3,2.625,0.590909090909091,1.41176470588235,0.375,3.16666666666667,3,1.07692307692308,0.5,0,0.5,0,0
"273",1,5.9,1,2,4,2.5,0.521739130434783,0.8125,NA,1.66666666666667,2.5,0.708333333333333,0.5,0,0.625,1,1
"274",2,4.3,1,2,4,2.625,0.37037037037037,0.277777777777778,1.28571428571429,3.5,2.66666666666667,0.80952380952381,0.375,0,0.5,0,1
"275",2,7.7,1,1,3,2.625,0.703703703703704,0,0,3.66666666666667,2.5,1.07407407407407,0.75,1,0.75,1,0
"276",1,3.6,1,1,4,3.57142857142857,0.818181818181818,1.94444444444444,0,3,2.5,1.14814814814815,0.5,0,0.25,0,0
"277",1,3.9,1,2,2,2,0.925925925925926,1.88888888888889,0.125,1.83333333333333,2.33333333333333,1.22222222222222,NA,NA,1,1,NA
"278",2,7.4,1,2,3,2.5,0.545454545454545,0.611111111111111,0.875,1.83333333333333,2.33333333333333,0.769230769230769,0.571428571428571,1,0.875,1,1
"279",1,8.5,1,2,3,2.375,0.555555555555556,0.833333333333333,0,2.66666666666667,1.83333333333333,1.11111111111111,0.75,1,NA,NA,NA
"280",2,7.3,1,1,4,2.85714285714286,0.192307692307692,0.277777777777778,0,2,3,0.222222222222222,0.75,1,0.5,0,0
"281",1,3.4,1,1,3,NA,NA,NA,NA,NA,NA,NA,0.5,0,0.75,1,1
"282",1,1.7,2,1,3,2.5,0.148148148148148,0.714285714285714,0,2,2.16666666666667,0.807692307692308,0.5,0,0.5,0,0
"283",2,11.5,1,1,4,2.5,0,0.294117647058824,0,2.33333333333333,1.66666666666667,0.62962962962963,0.5,0,0.625,1,1
"284",2,2.2,1,1,3,2.875,0.148148148148148,0,0,3,1.5,1,0.5,0,NA,NA,NA
"285",1,14,1,1,4,2.375,0.296296296296296,0.5,1.33333333333333,1,2.83333333333333,0.739130434782609,0.625,1,0.5,0,0
"286",2,6.4,1,2,4,NA,NA,NA,NA,NA,NA,NA,0.5,0,0.375,0,0
"287",2,3.5,2,1,3,2.71428571428571,0.0869565217391304,0.0555555555555556,0,1.33333333333333,2.33333333333333,0.56,0.25,0,0.625,1,1
"288",2,2,1,2,3,2.125,0.608695652173913,0.470588235294118,0.375,1.83333333333333,1.83333333333333,0.518518518518518,0.625,1,NA,NA,NA
"289",2,3.3,2,1,3,2.125,NA,NA,NA,NA,NA,NA,0.5,0,0.625,1,1
"290",2,6.4,1,2,4,2.625,0.217391304347826,0.294117647058824,0,2.16666666666667,0.333333333333333,1.2962962962963,0.5,0,0.5,0,0
"291",2,3.8,2,1,3,2.75,0.130434782608696,0.444444444444444,0,2.33333333333333,2.33333333333333,0.518518518518518,0.5,0,0.5,0,0
"292",2,2.2,1,1,3,2.25,0.555555555555556,1.52941176470588,1,4,2.66666666666667,1.14814814814815,0.875,1,0.875,1,0
"293",1,NA,1,2,4,2.125,0.259259259259259,0.666666666666667,0,1.16666666666667,0.5,0.592592592592593,0.5,0,0.375,0,0
"294",1,9.6,1,1,3,2.75,0.409090909090909,1.06666666666667,0.125,1.5,1.5,0.62962962962963,0.375,0,0.875,1,1
"295",1,5.5,2,2,3,2.625,NA,NA,NA,NA,NA,NA,NA,NA,NA,NA,NA
"296",1,7.5,1,2,2,2.5,0.631578947368421,1.5625,0,1.33333333333333,3,1.42857142857143,0.5,0,0.5,0,0
"297",2,8.5,1,1,3,1.875,NA,NA,NA,NA,NA,NA,0.75,1,0.375,0,0
"298",1,1.2,2,1,4,2.57142857142857,0.695652173913043,1.55555555555556,0.5,1.66666666666667,2.33333333333333,1.34615384615385,NA,NA,NA,NA,NA
"299",2,3.1,1,2,4,2.5,1.2,0.611111111111111,0.375,3,1.16666666666667,1.2962962962963,0.25,0,0.25,0,0
"300",1,1.4,1,1,3,3.42857142857143,0,0.0588235294117647,0,1,0.833333333333333,0.407407407407407,0.5,0,0.5,0,0
"301",1,5.2,1,2,4,2.25,0.807692307692308,1.47058823529412,0,1.83333333333333,0.666666666666667,0.777777777777778,0.5,0,0.5,0,0
"302",1,11.9,1,1,3,2.125,NA,NA,NA,NA,NA,NA,0.5,0,0.75,1,1
"303",2,4.8,1,1,4,1.5,0.15,1.11111111111111,2.5,2,3.16666666666667,1.23076923076923,NA,NA,NA,NA,NA
"304",2,4.5,1,2,5,2.875,0.0952380952380952,0.411764705882353,0.125,1,1.16666666666667,0.739130434782609,0.5,0,1,1,1
"305",2,3,1,2,3,2.25,0.272727272727273,0.588235294117647,0,1.66666666666667,2,0.851851851851852,0.625,1,0.555555555555556,1,0
"306",2,2,1,2,4,2.875,0.904761904761905,0.764705882352941,0.75,2.33333333333333,1.66666666666667,2.14814814814815,0.5,0,0.5,0,0
"307",2,6.2,1,1,4,3,0.5,0.470588235294118,0,1.5,1.8,0.961538461538462,1,1,0.875,1,0
"308",2,8.3,1,2,3,2.5,NA,NA,NA,NA,NA,NA,0.5,0,0.5,0,0
"309",1,1.7,1,2,3,2.75,NA,NA,NA,NA,NA,NA,1,1,0.625,1,0
"310",2,3.2,1,2,3,2.625,NA,NA,NA,NA,NA,NA,NA,NA,NA,NA,NA
"311",2,2.4,1,1,3,2.71428571428571,0.148148148148148,0.444444444444444,0,2.33333333333333,3.6,1.40740740740741,0.5,0,0.625,1,1
"312",1,10.6,1,2,2,2.25,NA,NA,NA,NA,NA,NA,0.625,1,0.571428571428571,1,0
"313",1,10.9,1,1,4,2.5,0.444444444444444,0.555555555555556,1.125,1.66666666666667,1.83333333333333,1.14814814814815,1,1,0.5,0,0
"314",1,9.1,1,2,4,2.625,0.37037037037037,1.55555555555556,1,2,3.33333333333333,1.03703703703704,NA,NA,NA,NA,NA
"315",2,9.8,1,2,3,2.625,0.851851851851852,1.22222222222222,0.375,1.83333333333333,1.33333333333333,1.43478260869565,0.5,0,1,1,1
"316",1,9.1,1,1,4,2.25,NA,NA,NA,NA,NA,NA,0.625,1,0.428571428571429,0,0
"317",1,11.3,1,2,4,2.71428571428571,0.307692307692308,0.235294117647059,0,1.33333333333333,1.16666666666667,0.518518518518518,NA,NA,NA,NA,NA
"318",2,4.6,1,1,3,2.5,0.222222222222222,0.277777777777778,0.125,1.83333333333333,1.16666666666667,0.923076923076923,0.75,1,0.5,0,0
"319",1,7,1,1,3,2.125,0.407407407407407,1.72222222222222,0.25,2.5,1.5,1.62962962962963,0.75,1,0.625,1,0
"320",2,4.9,1,2,4,2.75,0.222222222222222,0.823529411764706,0.25,1.66666666666667,1.83333333333333,0.851851851851852,0.5,0,0.625,1,1
"321",1,2.1,1,1,1,2.875,0.0384615384615385,0.444444444444444,0,2,2,1.07692307692308,0.375,0,0.625,1,1
"322",2,9.1,1,1,4,2.5,0.037037037037037,0.411764705882353,0,1,0.333333333333333,0.888888888888889,0.5,0,0.5,0,0
"323",2,11.5,1,2,NA,2.57142857142857,0.7,0.933333333333333,0,1.66666666666667,1.5,0.62962962962963,0.5,0,0.625,1,1
"324",1,4.5,1,1,2,2.5,0.3,0.6,0,2.5,0.833333333333333,0.923076923076923,1,1,0.75,1,0
"325",2,1.6,2,2,4,2.375,NA,NA,NA,NA,NA,NA,0.375,0,0.75,1,1
"326",2,2.7,1,1,5,3.16666666666667,NA,NA,NA,NA,NA,NA,0.25,0,0.375,0,1
"327",1,1.5,1,2,4,2.5,NA,NA,NA,NA,NA,NA,0.375,0,0.375,0,0
"328",2,9.3,1,2,3,2.625,NA,NA,NA,NA,NA,NA,0.625,1,0.5,0,0
"329",1,2.2,1,2,3,2,0,0.176470588235294,0,1.4,1.66666666666667,0.769230769230769,0.5,0,0,0,0
"330",NA,NA,NA,NA,NA,NA,NA,NA,NA,NA,NA,NA,NA,NA,NA,NA,NA
"331",1,1,2,2,5,3,NA,NA,NA,NA,NA,NA,0.75,1,0.75,1,0
"332",1,8.2,1,2,3,2.375,0.136363636363636,0.4375,0.375,0.666666666666667,1.66666666666667,0.62962962962963,NA,NA,NA,NA,NA
"333",2,1.1,1,2,4,2.375,0.333333333333333,0.642857142857143,0.625,2.33333333333333,1.66666666666667,0.92,NA,NA,NA,NA,NA
"334",2,7.3,1,2,4,2.125,0.111111111111111,0.444444444444444,0.5,1.83333333333333,2.16666666666667,1.25925925925926,0.5,0,0.5,0,0
"335",1,1.3,1,2,3,2.25,NA,NA,NA,NA,NA,NA,0.5,0,NA,NA,NA
"336",2,10.1,2,1,4,2.85714285714286,0.363636363636364,0.0555555555555556,0,2.5,2.8,0.518518518518518,1,1,1,1,0
"337",2,2,1,1,4,2.625,NA,NA,NA,NA,NA,NA,0.875,1,0.875,1,0
"338",2,2.7,1,1,4,2.625,0.111111111111111,0.470588235294118,0.375,1.33333333333333,1.5,0.48,0.5,0,0.375,0,0
"339",2,2.7,1,1,4,2.5,0.409090909090909,0.294117647058824,0.125,2.83333333333333,4,1.46153846153846,0.75,1,0.666666666666667,1,0
"340",2,2.3,1,2,3,2.25,0.130434782608696,0.222222222222222,0,1.66666666666667,2,0.481481481481481,0.375,0,0.625,1,1
"341",1,12.5,1,1,3,2,NA,NA,NA,NA,NA,NA,0.5,0,0.5,0,0
"342",2,2.7,1,1,3,2.875,0.962962962962963,1.16666666666667,1.375,2.5,3,1,NA,NA,NA,NA,NA
"343",1,4.9,1,1,2,2.71428571428571,0,1.92857142857143,1,2.66666666666667,2.4,1.25,NA,NA,NA,NA,NA
"344",1,5.1,1,2,3,2.75,0.259259259259259,0.388888888888889,0,1.66666666666667,1.33333333333333,0.807692307692308,0.5,0,0.625,1,1
"345",1,6.8,1,2,2,2.71428571428571,0.0454545454545455,0.75,0,0.666666666666667,1.6,0.185185185185185,0.5,0,0.5,0,0
"346",1,1.2,2,1,3,2.375,0.407407407407407,0.166666666666667,0.25,1.33333333333333,1.16666666666667,0.62962962962963,NA,NA,0.333333333333333,0,NA
"347",1,8.6,1,1,2,2.375,NA,NA,NA,NA,NA,NA,0.5,0,0.5,0,0
"348",1,5,1,2,2,2.25,0.222222222222222,1.05555555555556,0.25,1.33333333333333,2.33333333333333,0.62962962962963,NA,NA,NA,NA,NA
"349",1,0.3,2,2,3,1.75,NA,NA,NA,NA,NA,NA,0.625,1,0.5,0,0
"350",2,7.2,1,1,4,2.5,0.714285714285714,1.33333333333333,3,3.5,2,1.51851851851852,0.5,0,0.5,0,0
"351",2,3.9,1,2,4,1.875,0.833333333333333,0.866666666666667,0.25,1.83333333333333,2.16666666666667,1.11538461538462,NA,NA,NA,NA,NA
"352",1,6.1,1,2,3,3.125,0.590909090909091,1.22222222222222,0.375,1.5,2.33333333333333,0.777777777777778,0.5,0,0.5,0,0
"353",2,7,1,1,3,2.25,0.545454545454545,0.555555555555556,0.25,1.83333333333333,1.83333333333333,0.703703703703704,0.75,1,0.625,1,0
"354",1,3.8,1,2,2,2.625,0.130434782608696,0.388888888888889,0,0.666666666666667,1.5,0.407407407407407,0.625,1,1,1,1
"355",2,7.2,1,2,3,2.625,NA,NA,NA,NA,NA,NA,NA,NA,NA,NA,NA
"356",1,4.8,1,1,3,2.5,0.0740740740740741,0.5,0,0.666666666666667,2.16666666666667,0.851851851851852,NA,NA,NA,NA,NA
"357",2,6.2,1,2,3,2.375,0.434782608695652,1.16666666666667,1,2,2.16666666666667,0.814814814814815,0.75,1,1,1,1
"358",2,2.7,1,2,4,2.83333333333333,0,0.833333333333333,0.5,3.33333333333333,4,1.51851851851852,NA,NA,1,1,NA
"359",2,7.6,1,2,3,2.57142857142857,NA,NA,NA,NA,NA,NA,0.375,0,0.375,0,0
"360",1,0.3,2,1,2,2,NA,NA,NA,NA,NA,NA,0.625,1,0.625,1,0
"361",2,10.1,1,1,4,1.83333333333333,0.0454545454545455,0.3125,1.25,0.6,1.83333333333333,0.375,0.666666666666667,1,0.375,0,0
"362",1,2.3,1,2,1,2.625,0,0.3125,0,4,0.833333333333333,0.814814814814815,0.285714285714286,0,0.5,0,1
"363",1,2.2,1,2,5,2.375,NA,NA,NA,NA,NA,NA,0.5,0,0.75,1,1
"364",1,3.1,1,1,4,2.5,0.695652173913043,1,0.857142857142857,2.33333333333333,2.66666666666667,1.37037037037037,0.75,1,0.75,1,0
"365",1,0.9,1,2,3,1.75,0,0.111111111111111,1,1.2,1.5,1.11111111111111,0.75,1,0.5,0,0
"366",1,4.8,1,2,5,2.375,NA,NA,NA,NA,NA,NA,0.25,0,0.5,0,1
"367",2,1.4,2,2,4,2.25,NA,NA,NA,NA,NA,NA,0.75,1,0.75,1,0
"368",2,1.9,2,1,2,2.625,0.304347826086957,0.470588235294118,0,2.33333333333333,1.66666666666667,0.407407407407407,0.75,1,0.875,1,1
"369",1,3.1,1,1,3,2.71428571428571,1.11111111111111,1.23076923076923,1,2.8,3.33333333333333,0.714285714285714,0.375,0,0.5,0,1
"370",2,2.1,1,1,4,2.375,0.478260869565217,1.58823529411765,1,3.16666666666667,3.5,1,0.75,1,0.5,0,0
"371",1,1.8,2,1,4,2.75,0.444444444444444,0.375,2.25,3,3.16666666666667,1.77777777777778,0.625,1,0.5,0,0
"372",1,12.6,1,2,4,2.375,0.703703703703704,0.647058823529412,1.75,2.5,3.33333333333333,1.03703703703704,0.5,0,0.625,1,1
"373",1,NA,1,2,5,3,0.576923076923077,0.277777777777778,0,2.66666666666667,2.33333333333333,0.923076923076923,0.5,0,0.625,1,1
"374",1,NA,1,2,4,2.71428571428571,0.576923076923077,1.11111111111111,0.25,1.83333333333333,1.83333333333333,0.846153846153846,0.5,0,0.625,1,1
"375",1,6.5,1,2,4,2.5,0.111111111111111,0.388888888888889,0,1,1,0.730769230769231,1,1,1,1,0
"376",2,4.5,1,1,3,2.375,0.222222222222222,0.888888888888889,0,2.16666666666667,1.33333333333333,0.333333333333333,0.625,1,0.5,0,0
"377",1,3,1,1,3,2.25,0.925925925925926,1.83333333333333,0,3.16666666666667,2.66666666666667,0.884615384615385,0.5,0,0.5,0,0
"378",1,0.7,2,1,3,2.125,1.26923076923077,2.05882352941176,0.125,1.66666666666667,1.66666666666667,0.5,0.5,0,0.5,0,0
"379",2,1.2,2,1,3,2.875,NA,NA,NA,NA,NA,NA,0.375,0,0.75,1,1
"380",2,2.4,1,1,3,2.125,NA,NA,NA,NA,NA,NA,0.5,0,0.75,1,1
"381",1,6.4,2,1,3,2.25,NA,NA,NA,NA,NA,NA,0.75,1,0.625,1,0
"382",2,3.7,2,1,2,2.75,NA,NA,NA,NA,NA,NA,0.75,1,0.5,0,0
"383",2,7.6,1,1,3,2.875,0.925925925925926,1.27777777777778,0.25,3,3.16666666666667,0.52,0.5,0,0.5,0,0
"384",1,1.9,1,2,4,2.5,0.391304347826087,1.11111111111111,0.875,2.16666666666667,2,0.740740740740741,0.25,0,0.5,0,1
"385",1,7.4,1,2,1,2.375,0.863636363636364,1.6,0.857142857142857,2.2,3.2,0.875,0.75,1,0,0,0
"386",2,12.4,2,2,2,3.25,0.695652173913043,0.111111111111111,1.5,2.5,2.5,1.44444444444444,0.571428571428571,1,0.571428571428571,1,0
"387",1,2.2,1,1,3,2.375,0.0833333333333333,0.944444444444444,0.5,1.16666666666667,1.66666666666667,0.615384615384615,0.5,0,0.5,0,0
"388",1,3.8,1,2,4,2.625,0.0434782608695652,0.777777777777778,0.125,0.666666666666667,2,0.185185185185185,0.25,0,0.5,0,1
"389",1,6,1,2,4,3.57142857142857,0.227272727272727,0.722222222222222,0,0.5,1,0.521739130434783,0.5,0,0.375,0,0
"390",2,1.8,1,1,1,2.5,0,0.235294117647059,0.25,1.66666666666667,0.833333333333333,0.703703703703704,0.5,0,0.5,0,0
"391",1,1,2,1,3,2.57142857142857,0.230769230769231,0.0588235294117647,1.875,2.66666666666667,3.33333333333333,1.46153846153846,0.375,0,0.625,1,1
"392",2,8.1,1,2,5,2.66666666666667,0.285714285714286,0,0,3,2.66666666666667,1.28,0.5,0,0.25,0,0
"393",1,3.9,1,2,2,1.75,0.346153846153846,0.555555555555556,0,0.5,0.833333333333333,0.111111111111111,0.625,1,0.75,1,1
"394",1,8.9,1,1,2,2.25,0.5,0.277777777777778,0.5,1.33333333333333,1.16666666666667,0.296296296296296,1,1,0.875,1,0
"395",1,4.9,1,2,5,2.125,0.478260869565217,0.25,0.5,1.33333333333333,1.83333333333333,0.592592592592593,0.5,0,0.5,0,0
"396",1,8.8,1,2,5,2.75,0.458333333333333,2.125,0.75,1.5,1.66666666666667,0.576923076923077,0.75,1,0.5,0,0
"397",1,1.8,2,1,3,2.25,1.11111111111111,2.29411764705882,2.375,4,4,1.77777777777778,0.75,1,0.375,0,0
"398",2,8,1,2,4,2.375,0.444444444444444,1.22222222222222,0,1.83333333333333,1.66666666666667,0.333333333333333,0.375,0,0.375,0,0
"399",1,9.3,1,1,3,2,0.185185185185185,0.611111111111111,0.125,1.66666666666667,1.33333333333333,0.37037037037037,0.5,0,0.5,0,0
"400",1,4.2,1,1,2,2.14285714285714,0.315789473684211,0.705882352941177,0,1.33333333333333,1.5,0.555555555555556,0.75,1,0.375,0,0
"401",1,5,1,1,5,3.125,0.925925925925926,0.5,3,3.33333333333333,3.33333333333333,1.59259259259259,0.375,0,0.25,0,0
"402",1,6.4,1,2,2,2.125,0.851851851851852,1.22222222222222,3.5,1.66666666666667,1,0.62962962962963,0.125,0,0.375,0,1
"403",2,6.9,1,2,3,2.625,0.666666666666667,2.44444444444444,1.33333333333333,1.33333333333333,1.33333333333333,0.814814814814815,NA,NA,NA,NA,NA
"404",1,1.9,2,1,4,2.375,0.851851851851852,0.529411764705882,0.75,4,3.83333333333333,1.48,0.375,0,0.25,0,0
"405",2,6.8,1,2,4,2.42857142857143,0.45,0.888888888888889,0,2.4,1,0.777777777777778,0.5,0,0.5,0,0
"406",1,7.7,1,2,1,2.28571428571429,1.52380952380952,2,1.625,3.5,3.16666666666667,1.4,NA,NA,NA,NA,NA
"407",1,1.6,1,1,3,2.625,0.521739130434783,0.8125,0.375,2,2,0.888888888888889,0.25,0,0.25,0,0
"408",1,2,1,2,4,3,0.24,0.470588235294118,1,2.4,0.5,0.769230769230769,0.375,0,0.5,0,1
"409",1,3,1,2,4,2.71428571428571,0.56,0.0625,1,2.4,0.6,0.923076923076923,0.5,0,0.333333333333333,0,0
"410",2,7,1,2,2,2.33333333333333,0.16,1.0625,0,1.8,0,0.0384615384615385,0.125,0,0.5,0,1
"411",1,7,1,2,4,2.83333333333333,0.24,0.0666666666666667,1,3.2,1.16666666666667,0.769230769230769,0.5,0,0.5,0,0
"412",2,7.7,1,1,5,2.375,0.105263157894737,0,0,2.66666666666667,3.33333333333333,0.6,0.375,0,0.375,0,0
"413",1,7,1,1,5,2,0.105263157894737,0,0,2,2.83333333333333,0.68,NA,NA,NA,NA,NA
"414",1,7.2,1,1,3,1.625,0.0555555555555556,0,0,1.4,0.666666666666667,0.333333333333333,NA,NA,NA,NA,NA
"415",2,1.3,2,1,3,1.28571428571429,0,0,0,2,0.666666666666667,0.875,NA,NA,NA,NA,NA
"416",2,5.6,1,2,5,3,0.521739130434783,0.944444444444444,0,1,2.6,0.5,0,0,0.625,1,1
"417",1,7.9,1,1,3,2.875,0.444444444444444,0.888888888888889,0,1.83333333333333,1.16666666666667,1,0.375,0,0.5,0,1
"418",1,4.2,1,1,NA,1.875,0.304347826086957,0.5,1.625,2.66666666666667,1.33333333333333,0.2,0.5,0,0.375,0,0
"419",2,2.2,2,2,4,2.375,1.14814814814815,0.222222222222222,1.875,2.66666666666667,2,1.03703703703704,0.125,0,0.5,0,1
"420",2,5.9,2,2,5,2.25,0,0.352941176470588,1.25,3.4,2,1.03846153846154,0.625,1,0.444444444444444,0,0
"421",1,6,2,1,4,2.25,0.851851851851852,0.0588235294117647,0,1.5,2,0.884615384615385,0.625,1,0.5,0,0
"422",1,2.8,2,1,4,2.375,0.592592592592593,0.0588235294117647,1,1.5,2.66666666666667,0.807692307692308,NA,NA,NA,NA,NA
"423",2,9.4,1,2,4,2.125,0.608695652173913,1.16666666666667,0,2,1.83333333333333,1.73076923076923,0.5,0,0.5,0,0
"424",1,7.6,1,1,5,2,0.764705882352941,0,0,0.5,1.6,0.62962962962963,0.25,0,0.5,0,1
"425",2,1.4,2,2,3,2.375,0.304347826086957,0.352941176470588,0.571428571428571,1.83333333333333,2,1.37037037037037,0.125,0,0.25,0,1
"426",2,1.4,1,1,4,2.625,0.304347826086957,0.611111111111111,0.625,1,2.16666666666667,0.851851851851852,0.375,0,0.375,0,0
"427",2,8.4,1,1,5,2.625,0.730769230769231,0.333333333333333,1,1.5,3,0.6,NA,NA,1,1,NA
"428",1,3.7,1,2,5,2.57142857142857,0.523809523809524,0.5,0.25,2.25,3.16666666666667,1.08333333333333,0.375,0,0.5,0,1
"429",2,1.7,2,1,4,2.25,0.296296296296296,0.333333333333333,0.125,3,2.83333333333333,0.962962962962963,NA,NA,NA,NA,NA
"430",2,0.6,2,1,4,2.57142857142857,0,0,0,1.5,1.66666666666667,0.592592592592593,NA,NA,NA,NA,NA
"431",1,1.3,1,2,3,2.42857142857143,1.08695652173913,1.16666666666667,0.25,2,2.5,1.6,0.625,1,0.75,1,1
"432",1,1.3,1,2,3,3,0,0.25,0.375,1.5,1.4,0.478260869565217,0.75,1,0.625,1,0
"433",1,1.3,1,2,3,2,0.259259259259259,0.352941176470588,0.875,3.33333333333333,1.8,1.77777777777778,0.375,0,0.625,1,1
"434",1,1.3,2,1,4,2.375,NA,NA,NA,NA,NA,NA,1,1,NA,NA,NA
"435",1,1.3,1,1,4,1.75,0,0.166666666666667,0.125,1.16666666666667,1.33333333333333,0.37037037037037,0.375,0,0.625,1,1
"436",1,1.2,1,1,3,3,0.037037037037037,0.0555555555555556,0,2.16666666666667,1,0.518518518518518,0.75,1,0.5,0,0
"437",2,1.2,2,1,4,2.25,0,0.277777777777778,0.125,1.66666666666667,1.5,0.375,0.5,0,0.75,1,1
"438",2,1.2,2,1,4,2.375,0,0.166666666666667,0,1.16666666666667,1.33333333333333,0.222222222222222,0.375,0,0.625,1,1
"439",1,1.2,2,1,4,2.5,0.0454545454545455,0.125,0.75,2,2.33333333333333,1.13636363636364,0.666666666666667,1,0.625,1,0
"440",1,1.2,2,1,2,2.85714285714286,0,0.117647058823529,0.25,1.33333333333333,2,0.846153846153846,0.75,1,0.375,0,0
"441",2,1.2,1,1,4,2.625,0.037037037037037,0.222222222222222,1,1,1.33333333333333,0.956521739130435,0.25,0,0.5,0,1
"442",2,1.2,1,1,3,2.14285714285714,0,0.357142857142857,0.75,1.16666666666667,2,0.222222222222222,0.25,0,0.5,0,1
"443",2,1.3,1,1,4,2.75,NA,NA,NA,NA,NA,NA,0.5,0,0.75,1,1
"444",1,1.2,1,2,3,2.625,0.153846153846154,0.611111111111111,0.125,0.666666666666667,1.66666666666667,0.8,0.857142857142857,1,0.375,0,0
"445",1,1.2,1,2,4,1.875,0,0.166666666666667,0.125,1.16666666666667,1.33333333333333,0.461538461538462,0.25,0,0.125,0,0
"446",1,1.2,1,2,2,2.25,0,0,0,1.33333333333333,2.16666666666667,0.730769230769231,0.625,1,0.5,0,0
"447",2,1.2,1,2,4,2.375,NA,NA,NA,NA,NA,NA,0.5,0,1,1,1
"448",2,1.2,1,1,4,2,0.0416666666666667,0,0.375,2.33333333333333,0.333333333333333,0.88,0.375,0,0.375,0,0
"449",2,1.2,1,2,NA,3.33333333333333,0,0,NA,NA,NA,NA,0.625,1,0.75,1,1
"450",2,10,1,1,3,2.5,0.0833333333333333,0.222222222222222,0.625,2.83333333333333,2,1.11538461538462,0.5,0,0.5,0,0
"451",1,4.7,1,1,4,3,NA,NA,NA,NA,NA,NA,0.375,0,0.5,0,1
"452",2,5.5,1,2,2,2.25,0.260869565217391,0.944444444444444,0.125,2,2.66666666666667,0.481481481481481,0.25,0,0.5,0,1
"453",1,1.8,2,1,2,2.125,NA,NA,NA,NA,NA,NA,0,0,0,0,0
"454",2,1.3,1,2,4,2.125,0.307692307692308,0.722222222222222,0.5,1.33333333333333,1.5,0.777777777777778,0.5,0,0.25,0,0
"455",2,0.9,1,1,3,2.25,NA,NA,NA,NA,NA,NA,0.625,1,0,0,0
"456",1,6.9,1,2,3,2.125,NA,NA,NA,NA,NA,NA,NA,NA,NA,NA,NA
"457",2,5.4,1,1,4,2.5,NA,NA,NA,NA,NA,NA,0.5,0,0.5,0,0
"458",2,3.8,2,1,4,2.14285714285714,0.2,0.555555555555556,0.125,0.666666666666667,1.83333333333333,0.952380952380952,0,0,0,0,0
"459",1,1.4,2,1,4,2.75,0.476190476190476,0.352941176470588,0,1.83333333333333,2.33333333333333,1.41666666666667,NA,NA,NA,NA,NA
"460",2,8.9,1,1,3,2.5,0.538461538461538,0.833333333333333,0,1.33333333333333,2.16666666666667,0.851851851851852,0.5,0,0.5,0,0
"461",1,2.6,1,1,3,2.875,NA,NA,NA,NA,NA,NA,0.5,0,0.5,0,0
"462",1,6.1,1,1,NA,1.625,0.04,0.411764705882353,0,2,1.6,0.346153846153846,0.5,0,0.5,0,0
"463",1,0.7,1,1,NA,2.375,0.12,0.4375,0,1.33333333333333,0.6,0.888888888888889,0.5,0,0.5,0,0
"464",2,10.2,1,2,4,2.5,0.347826086956522,0.333333333333333,0,0.833333333333333,1,0.740740740740741,0,0,0.625,1,1
"465",2,2.3,1,1,3,2.125,0.181818181818182,0.5625,0.25,2.66666666666667,2.16666666666667,0.962962962962963,0.625,1,0.875,1,1
"466",1,3.9,1,1,3,2.125,0.347826086956522,0.5,0.625,1.83333333333333,2,0.692307692307692,0.5,0,0.5,0,0
"467",1,4.4,1,1,3,2.14285714285714,0.333333333333333,0.888888888888889,0,1,0.833333333333333,0.962962962962963,0.25,0,0.875,1,1
"468",2,1.4,1,2,3,2.42857142857143,0.45,0.0769230769230769,0,1.2,1.4,1.04,0.5,0,0.25,0,0
"469",1,2.7,1,1,3,2.42857142857143,0.142857142857143,0.176470588235294,0,1.5,2,0.730769230769231,0.625,1,0.5,0,0
"470",1,2.4,1,2,3,2,0.136363636363636,1.625,0.142857142857143,1.66666666666667,2.5,0.777777777777778,0.5,0,0.5,0,0
"471",1,4.6,1,1,2,2.14285714285714,0.44,0.0555555555555556,0,1.16666666666667,1.33333333333333,0.692307692307692,0.5,0,0.625,1,1
"472",2,1.6,1,1,3,2.71428571428571,0.36,1.22222222222222,0,1.5,1.83333333333333,0.88,0.375,0,0.5,0,1
"473",2,1.2,2,1,NA,1.85714285714286,0.24,0.5,0.125,1.83333333333333,2.2,1.24,NA,NA,NA,NA,NA
"474",1,4.5,1,1,4,2.66666666666667,NA,NA,NA,NA,NA,NA,0.375,0,0.428571428571429,0,1
"475",2,6,1,1,4,2.83333333333333,0.260869565217391,0.588235294117647,0,1.83333333333333,3,0.111111111111111,0.25,0,0.5,0,1
"476",2,12,1,1,2,1.2,0.363636363636364,0.0588235294117647,0,2.16666666666667,0,0.444444444444444,0.5,0,0.5,0,0
"477",1,2.8,1,1,3,2.71428571428571,0.5,1.77777777777778,0,2,2.33333333333333,0.727272727272727,0.5,0,0.5,0,0
"478",2,1.7,2,1,2,2.875,NA,NA,NA,NA,NA,NA,0.625,1,0.5,0,0
"479",2,5.8,1,1,4,2.75,NA,NA,NA,NA,NA,NA,0.625,1,0.5,0,0
"480",1,10.5,1,2,4,2.125,NA,NA,NA,NA,NA,NA,NA,NA,NA,NA,NA
"481",2,0.9,2,1,2,3.25,NA,NA,NA,NA,NA,NA,0.625,1,0.5,0,0
"482",1,1.3,2,1,3,2.8,NA,NA,NA,NA,NA,NA,0.125,0,NA,NA,NA
"483",1,5,1,2,3,2.42857142857143,NA,NA,NA,NA,NA,NA,0.5,0,0.125,0,0
"484",1,10.3,1,1,3,2.75,NA,NA,NA,NA,NA,NA,NA,NA,NA,NA,NA
"485",1,4.9,2,1,4,3.75,NA,NA,NA,NA,NA,NA,NA,NA,NA,NA,NA
"486",1,4.7,2,1,NA,2.375,NA,NA,NA,NA,NA,NA,0.444444444444444,0,0.375,0,0
"487",2,0.3,2,1,1,1.5,NA,NA,NA,NA,NA,NA,0.555555555555556,1,0.444444444444444,0,0
"488",2,1.7,2,1,NA,2.5,NA,NA,NA,NA,NA,NA,0.75,1,0.5,0,0
"489",1,2,1,1,2,2.625,NA,NA,NA,NA,NA,NA,0.625,1,0.5,0,0
"490",1,0.6,2,1,1,1.6,NA,NA,NA,NA,NA,NA,0.5,0,0.375,0,0
"491",2,0.6,2,1,1,1.6,NA,NA,NA,NA,NA,NA,NA,NA,NA,NA,NA
"492",2,0.6,2,1,1,1.6,NA,NA,NA,NA,NA,NA,0.5,0,0.625,1,1
"493",2,0.9,2,1,3,2.14285714285714,NA,NA,NA,NA,NA,NA,0.625,1,0.625,1,0
"494",1,5.8,2,1,3,2.875,NA,NA,NA,NA,NA,NA,0.5,0,0.5,0,0
"495",2,7.8,2,1,4,2.875,NA,NA,NA,NA,NA,NA,NA,NA,0.333333333333333,0,NA
"496",2,1.3,2,2,3,1,NA,NA,NA,NA,NA,NA,0.625,1,0.75,1,1
"497",1,0.6,2,1,1,1.6,NA,NA,NA,NA,NA,NA,0.375,0,0.5,0,1
"498",1,20.8,1,2,2,2.375,NA,NA,NA,NA,NA,NA,0.375,0,0.125,0,0
"499",1,1.7,1,1,3,2.875,0.333333333333333,0.166666666666667,0.625,2,3,1.33333333333333,0.375,0,0.625,1,1
"500",2,4.8,2,1,4,2.875,NA,NA,NA,NA,NA,NA,0.666666666666667,1,NA,NA,NA
"501",2,7.4,1,1,3,2.71428571428571,0.173913043478261,0.470588235294118,1.25,2.4,2.33333333333333,0.851851851851852,0.5,0,0.5,0,0
"502",1,6.8,1,2,4,2.625,0.428571428571429,1.22222222222222,1.85714285714286,3.2,3,1.19047619047619,NA,NA,NA,NA,NA
"503",2,4.9,1,1,3,2.375,NA,NA,NA,NA,NA,NA,0.5,0,0.25,0,0
"504",2,2.1,1,1,4,2.5,0.681818181818182,0,0,3.33333333333333,1.33333333333333,1.40740740740741,0.875,1,0.875,1,0
"505",2,1.5,1,2,4,2.875,1,0.833333333333333,0.625,2.33333333333333,2,1.18518518518519,0.5,0,0.5,0,0
"506",2,1.1,2,1,NA,2.875,NA,NA,NA,NA,NA,NA,0.375,0,0.25,0,0
"507",2,1.7,2,1,3,2.75,NA,NA,NA,NA,NA,NA,0.333333333333333,0,NA,NA,NA
"508",1,2.1,2,1,3,2.5,NA,NA,NA,NA,NA,NA,0.5,0,0.5,0,0
"509",2,2.9,2,2,3,2.75,NA,NA,NA,NA,NA,NA,0.5,0,0.25,0,0
"510",2,3.9,1,1,2,2.625,0.576923076923077,1.23529411764706,0,2.66666666666667,1.16666666666667,0.925925925925926,0.444444444444444,0,0.5,0,1
"511",2,6.8,1,1,2,2.25,NA,NA,NA,NA,NA,NA,0.5,0,0.5,0,0
"512",1,8.1,1,2,3,2.33333333333333,0.259259259259259,0.277777777777778,0.375,2.8,1.33333333333333,1.18518518518519,0.5,0,0.5,0,0
"513",1,1.1,1,2,3,2.375,0.92,1.41176470588235,0.285714285714286,1.8,2.5,0.851851851851852,0.75,1,0.375,0,0
"514",1,8.6,1,1,2,2.25,0.653846153846154,0.444444444444444,0.25,2.2,2,0.777777777777778,NA,NA,0,0,NA
"515",1,5.5,1,1,3,1.85714285714286,0,0.352941176470588,0,1.66666666666667,1.83333333333333,1.13636363636364,0.444444444444444,0,0.375,0,0
"516",1,1.5,1,2,3,2.75,0.0909090909090909,0.0555555555555556,0.125,1,1.83333333333333,1.03703703703704,0.5,0,0.75,1,1
"517",1,3.6,1,1,3,2.5,0.136363636363636,0.117647058823529,0.375,1.83333333333333,1.83333333333333,1.04,NA,NA,NA,NA,NA
"518",1,0.5,1,1,4,2.42857142857143,0.0909090909090909,0.529411764705882,1.875,1.66666666666667,1.66666666666667,1.40740740740741,0.625,1,0.25,0,0
"519",1,5.2,1,2,4,2.125,NA,NA,NA,NA,NA,NA,NA,NA,NA,NA,NA
"520",2,6.8,1,2,4,2,NA,NA,NA,NA,NA,NA,NA,NA,NA,NA,NA
"521",2,5.6,1,2,3,1.5,NA,NA,NA,NA,NA,NA,NA,NA,NA,NA,NA
"522",1,7.9,1,2,3,3,1,0.5,0,2.4,1.83333333333333,1.125,0.625,1,0.75,1,1
"523",1,8.4,1,1,NA,2.75,0.05,0.277777777777778,0,0.833333333333333,1.6,0.739130434782609,0.625,1,0.5,0,0
"524",1,6,1,2,4,2.75,0,0.222222222222222,0.125,2.33333333333333,1.66666666666667,0.222222222222222,0.5,0,0,0,0
"525",1,2,1,1,4,2.75,0.181818181818182,0.666666666666667,0.25,2.4,3.16666666666667,2.12,NA,NA,NA,NA,NA
"526",1,6.5,1,1,4,2.5,0.0869565217391304,0.529411764705882,1.71428571428571,1.33333333333333,1.8,0.592592592592593,0.5,0,0.75,1,1
"527",2,2.4,1,2,3,2,0.347826086956522,0.388888888888889,0.625,1.83333333333333,1.33333333333333,0.962962962962963,0.5,0,0.375,0,0
"528",1,1.2,1,1,4,2.75,0,0.470588235294118,0,1.5,0.5,0.269230769230769,0.625,1,0.75,1,1
"529",2,5.8,1,2,5,2.85714285714286,0.476190476190476,0.444444444444444,0,1.33333333333333,2,0.481481481481481,0.555555555555556,1,0.5,0,0
"530",1,7.5,1,2,3,2.125,0.15,0.666666666666667,1.125,0.6,1,0.481481481481481,0.25,0,0.375,0,1
"531",2,0.7,1,2,4,2.42857142857143,0.15,1.11764705882353,0,1.5,3,0.846153846153846,0.333333333333333,0,0.4,0,1
"532",2,4.4,1,2,2,2.625,0.869565217391304,0.529411764705882,1.25,1.83333333333333,2.5,0.576923076923077,NA,NA,NA,NA,NA
"533",1,2.8,1,1,3,1.875,0.555555555555556,0.5,0.75,2.5,1.5,0.592592592592593,NA,NA,NA,NA,NA
"534",2,4.7,2,1,4,2.125,NA,NA,NA,NA,NA,NA,NA,NA,0.5,0,NA
"535",2,7.4,1,2,NA,2.4,NA,NA,NA,NA,NA,NA,NA,NA,NA,NA,NA
"536",2,4.4,1,1,3,2.125,0.521739130434783,0.555555555555556,0,2,2.33333333333333,0.961538461538462,0.75,1,0.625,1,0
"537",1,11.7,1,1,5,2.25,0.521739130434783,0.666666666666667,1,1.66666666666667,2.83333333333333,0.875,NA,NA,NA,NA,NA
"538",1,2.7,1,2,4,2.375,0,0.888888888888889,0,2.16666666666667,1.5,0.851851851851852,0.75,1,0.875,1,1
"539",1,3.8,1,1,3,2.5,1.11111111111111,1.5,0.875,2.83333333333333,2.83333333333333,1.33333333333333,0.375,0,0.625,1,1
"540",2,0.6,2,1,3,2.71428571428571,NA,NA,NA,NA,NA,NA,0.625,1,0.5,0,0
"541",2,9.1,1,2,3,2.85714285714286,0,0.352941176470588,0,1.83333333333333,0.666666666666667,0.407407407407407,0.625,1,0.75,1,1
"542",1,2.6,1,2,5,0.875,1,1.16666666666667,0.5,1.5,2.83333333333333,0.518518518518518,0.75,1,0.75,1,0
"543",2,2,1,1,4,2.5,0.0769230769230769,0.588235294117647,0,1.16666666666667,2.5,0.259259259259259,0.625,1,0.571428571428571,1,0
"544",2,2.9,1,1,3,2.125,0.0526315789473684,0.555555555555556,0,2,2,0.92,NA,NA,NA,NA,NA
"545",2,6.6,2,1,4,2.66666666666667,NA,NA,NA,NA,NA,NA,NA,NA,NA,NA,NA
"546",2,5.8,1,2,3,3,0.0869565217391304,0.611111111111111,0.5,1.83333333333333,1.2,0.777777777777778,NA,NA,NA,NA,NA
"547",1,0.5,1,2,3,2.5,NA,NA,NA,NA,NA,NA,0.5,0,0.5,0,0
"548",2,2.3,1,1,3,1.625,NA,NA,NA,NA,NA,NA,0,0,0.666666666666667,1,1
"549",1,8.6,1,1,2,2.75,1.25925925925926,1.55555555555556,0.375,2,3,1.25925925925926,0.5,0,0.625,1,1
"550",1,2.3,1,1,4,2.5,0.296296296296296,0.166666666666667,0.25,2,2.83333333333333,1.07407407407407,0.5,0,0.5,0,0
"551",1,1,1,1,4,3,0.0833333333333333,0.611111111111111,0,2,2,1.04761904761905,NA,NA,NA,NA,NA
"552",2,1.2,1,1,4,2.375,NA,NA,NA,NA,NA,NA,0.555555555555556,1,0.5,0,0
"553",1,2.6,1,1,2,2.25,0.208333333333333,0.222222222222222,0,1.66666666666667,1.8,1.42307692307692,0.5,0,0.375,0,0
"554",1,2.9,1,1,3,2.375,0,0.277777777777778,0.875,1.66666666666667,3.5,1.26923076923077,0.5,0,0.5,0,0
"555",2,3.9,1,1,3,2.375,NA,NA,NA,NA,NA,NA,0.625,1,0.5,0,0
"556",2,1,1,1,4,2.5,0,0.166666666666667,0,0.833333333333333,2.66666666666667,1.51851851851852,0.375,0,0.75,1,1
"557",1,8.9,1,2,3,3.25,NA,NA,NA,NA,NA,NA,0.5,0,0.5,0,0
"558",1,4,2,2,3,2.625,0.814814814814815,1.72222222222222,0.875,3.5,2.16666666666667,1.18518518518519,0.625,1,0.625,1,0
"559",1,2.2,1,2,3,2.875,NA,NA,NA,NA,NA,NA,NA,NA,NA,NA,NA
"560",2,5.7,2,1,4,2.625,0,0.444444444444444,0,0.5,1,0.222222222222222,0.375,0,0.5,0,1
"561",1,1.8,1,2,3,2.5,NA,NA,NA,NA,NA,NA,0.2,0,0.428571428571429,0,1
"562",2,1.7,2,1,3,2.125,0.217391304347826,0.588235294117647,0.25,1.33333333333333,2.33333333333333,1.30769230769231,0.625,1,0.75,1,1
"563",2,2.5,1,2,3,2.42857142857143,0.6,0.4,0.25,1.66666666666667,2.25,1.21739130434783,0.625,1,0.875,1,1
"564",2,7.5,1,1,2,2,0.363636363636364,0.5625,0,1,1.33333333333333,0.666666666666667,0.75,1,0.5,0,0
"565",1,5.1,1,1,3,3,NA,NA,NA,NA,NA,NA,0.75,1,0.625,1,0
"566",2,2.8,2,1,4,2.5,0.260869565217391,1.05882352941176,0.375,2.5,3.66666666666667,0.925925925925926,0.75,1,0.375,0,0
"567",1,2,1,2,2,2.25,0.692307692307692,1.16666666666667,0,1.83333333333333,0.5,1.07692307692308,0.5,0,0.5,0,0
"568",1,5.3,1,1,4,2.57142857142857,NA,NA,NA,NA,NA,NA,0.666666666666667,1,0.25,0,0
"569",2,1.8,2,1,2,2.125,0.304347826086957,1.41176470588235,0.25,1.83333333333333,1.83333333333333,0.777777777777778,0.5,0,0.375,0,0
"570",2,4.3,1,1,3,2.75,NA,NA,NA,NA,NA,NA,NA,NA,NA,NA,NA
"571",1,0.9,2,1,3,2.28571428571429,0.208333333333333,0.166666666666667,0.625,1,1,1.21052631578947,0.444444444444444,0,0.5,0,1
"572",1,0.7,2,2,3,3.125,NA,NA,NA,NA,NA,NA,0.5,0,0.5,0,0
"573",1,0.7,2,2,4,3,NA,NA,NA,NA,NA,NA,0.625,1,0.5,0,0
"574",1,3,2,2,4,2.625,0.518518518518518,0.75,0.5,1.8,2.66666666666667,1.03703703703704,NA,NA,NA,NA,NA
"575",2,1.4,1,1,2,2.375,0.96,1.375,1.71428571428571,3.33333333333333,3.4,1.07407407407407,0.7,1,0.5,0,0
"576",1,1.1,2,2,3,2.875,0.434782608695652,0.611111111111111,2,3,2.33333333333333,1.65384615384615,0.5,0,0.375,0,0
"577",2,5.5,2,1,5,2.875,1.36363636363636,0.133333333333333,0.25,3.2,1.5,0.863636363636364,NA,NA,NA,NA,NA
"578",2,11,1,2,5,3,NA,NA,NA,NA,NA,NA,NA,NA,NA,NA,NA
"579",2,0.4,2,1,4,2.25,NA,NA,NA,NA,NA,NA,NA,NA,NA,NA,NA
"580",1,5.8,1,1,4,2.375,0.62962962962963,0.722222222222222,0.625,3,2.33333333333333,0.961538461538462,0.5,0,0.888888888888889,1,1
"581",1,0.7,2,2,2,2.875,NA,NA,NA,NA,NA,NA,0.75,1,0.5,0,0
"582",2,6.3,1,2,3,2.875,NA,NA,NA,NA,NA,NA,0.625,1,0.375,0,0
"583",1,2.3,1,1,3,3.125,NA,NA,NA,NA,NA,NA,0.333333333333333,0,NA,NA,NA
"584",1,7.8,2,1,4,2.625,NA,NA,NA,NA,NA,NA,1,1,0.666666666666667,1,0
"585",1,1.1,2,1,3,2.8,NA,NA,NA,NA,NA,NA,0.5,0,0.666666666666667,1,1
"586",2,6.4,2,2,3,1.71428571428571,NA,NA,NA,NA,NA,NA,NA,NA,NA,NA,NA
"587",1,8.2,2,1,4,2.625,NA,NA,NA,NA,NA,NA,0.444444444444444,0,0.444444444444444,0,0
"588",1,1.7,2,1,4,2.5,NA,NA,NA,NA,NA,NA,0.5,0,0.5,0,0
"589",1,2.4,1,1,3,2.875,1,0.823529411764706,0.75,2.33333333333333,2.5,0.75,0.75,1,0.5,0,0
"590",NA,NA,NA,NA,NA,NA,NA,NA,NA,NA,NA,NA,NA,NA,NA,NA,NA
"591",1,1.7,2,1,3,1.75,0.136363636363636,0.941176470588235,0,0.666666666666667,2.16666666666667,0.37037037037037,NA,NA,NA,NA,NA
"592",2,5.1,2,1,5,2.625,1.26923076923077,0.388888888888889,1,1.33333333333333,4,0.925925925925926,0.5,0,0.5,0,0
"593",2,11.6,2,2,NA,2.25,0.666666666666667,0.117647058823529,0,2.66666666666667,1.83333333333333,0.777777777777778,0.625,1,0.5,0,0
"594",1,3.5,2,1,3,2.14285714285714,0.296296296296296,0.944444444444444,1.5,1.33333333333333,2,1.18518518518519,0.375,0,0.625,1,1
"595",2,3.9,2,2,4,2.71428571428571,NA,NA,NA,NA,NA,NA,0.625,1,0.5,0,0
"596",1,10.6,1,1,2,2,NA,NA,NA,NA,NA,NA,NA,NA,NA,NA,NA
"597",2,5.5,2,1,3,2.75,NA,NA,NA,NA,NA,NA,0.625,1,0.5,0,0
"598",1,8.6,2,1,1,1.625,0.130434782608696,0,NA,1.16666666666667,3.16666666666667,0.846153846153846,0.375,0,0.75,1,1
"599",NA,NA,NA,NA,NA,NA,NA,NA,NA,NA,NA,NA,NA,NA,NA,NA,NA
"600",2,1.2,1,2,5,2.375,0.461538461538462,0.6875,1.625,1.66666666666667,3.33333333333333,1.07407407407407,0.5,0,0.5,0,0
"601",2,8.9,1,1,4,2.25,1.18518518518519,0.722222222222222,0.75,2.33333333333333,2.66666666666667,0.730769230769231,NA,NA,NA,NA,NA
"602",2,9,2,2,3,1.75,0.416666666666667,0.0588235294117647,0.375,0.166666666666667,2.5,0.259259259259259,0.5,0,0.375,0,0
"603",1,NA,1,1,4,2.5,NA,NA,NA,NA,NA,NA,0.625,1,0.375,0,0
"604",1,4.9,1,1,3,2,NA,NA,NA,NA,NA,NA,0.5,0,0.5,0,0
"605",2,8,2,1,3,2.71428571428571,0.185185185185185,0.888888888888889,1,2,2.8,1.5,0.5,0,0.375,0,0
"606",2,9.9,2,2,3,1.5,NA,NA,NA,NA,NA,NA,0.625,1,0.25,0,0
"607",2,2.1,2,1,4,3,0.2,0.235294117647059,0.625,2,2.33333333333333,1.23076923076923,0.125,0,0.5,0,1
"608",1,4,2,1,4,3,0.185185185185185,0,0.25,1.33333333333333,3.83333333333333,0.555555555555556,0.5,0,0.375,0,0
"609",1,8.3,1,2,5,2.5,0.518518518518518,1.61111111111111,1.125,3,2.5,1.48148148148148,0.5,0,0.375,0,0
"610",2,10.1,1,1,4,2.75,0.846153846153846,0.470588235294118,1.25,2.16666666666667,2.66666666666667,0.814814814814815,0.375,0,0.375,0,0
"611",1,2.9,2,1,4,2.625,0.769230769230769,0.176470588235294,0.5,4,3.5,0.925925925925926,NA,NA,0,0,NA
"612",1,9,1,1,5,2.875,0.454545454545455,1.29411764705882,0.5,2.5,2.16666666666667,0.851851851851852,0.5,0,0.5,0,0
"613",1,2.3,1,2,4,2.25,0.478260869565217,1.35294117647059,0,3,2.16666666666667,0.851851851851852,0.5,0,0.375,0,0
"614",2,12.8,2,2,4,1.75,NA,NA,NA,NA,NA,NA,NA,NA,NA,NA,NA
"615",1,0.9,2,1,2,1.5,NA,NA,NA,NA,NA,NA,NA,NA,0,0,NA
"616",1,3.2,1,1,4,2.5,0.333333333333333,0.647058823529412,0.125,2.16666666666667,2.66666666666667,1.11538461538462,0.25,0,0.75,1,1
"617",2,8.2,1,2,4,2.5,NA,NA,NA,NA,NA,NA,0.875,1,0.5,0,0
"618",2,4,1,1,4,1.875,NA,NA,NA,NA,NA,NA,NA,NA,NA,NA,NA
"619",1,1.8,2,1,4,1.75,0.444444444444444,0,0,1,3.83333333333333,1.48148148148148,0.75,1,NA,NA,NA
"620",2,4.3,2,1,5,2.875,0.363636363636364,0.882352941176471,0.25,0.666666666666667,3,1.30769230769231,0.625,1,0.5,0,0
"621",1,8.4,1,2,3,2.375,0.296296296296296,0.944444444444444,0.125,3.83333333333333,3.66666666666667,0.814814814814815,1,1,0.5,0,0
"622",1,1.6,1,2,4,2.57142857142857,NA,NA,NA,NA,NA,NA,0.857142857142857,1,NA,NA,NA
"623",1,8.4,1,2,5,2.85714285714286,0.615384615384615,1.375,0.5,2,1,0.84,0.75,1,0.5,0,0
"624",1,5,2,1,5,2.85714285714286,0.0769230769230769,0,0,2,1.83333333333333,0.592592592592593,0.5,0,0.5,0,0
"625",2,3.1,1,2,4,2.375,0.260869565217391,1.05555555555556,0.375,2.83333333333333,2.16666666666667,1.14814814814815,0.5,0,0.5,0,0
"626",1,3.1,1,1,4,2.875,NA,NA,NA,NA,NA,NA,0.5,0,0.375,0,0
"627",1,1,1,1,4,2.85714285714286,0.142857142857143,0.6875,0,2.16666666666667,2.83333333333333,1.25925925925926,0.5,0,0.5,0,0
"628",2,1.1,2,1,5,2.85714285714286,0.481481481481481,0.875,1.25,2.5,2.5,0.740740740740741,0.625,1,0.75,1,1
"629",1,1.8,1,2,4,2.5,NA,NA,NA,NA,NA,NA,0.5,0,0.5,0,0
"630",2,2.4,2,1,4,3.14285714285714,0.0434782608695652,0.277777777777778,0,1.66666666666667,2.66666666666667,1,NA,NA,NA,NA,NA
"631",1,5.4,1,2,3,2.5,NA,NA,NA,NA,NA,NA,0.5,0,0.375,0,0
"632",1,2.6,1,1,5,2.71428571428571,0.476190476190476,1.33333333333333,2.14285714285714,2.2,3.2,0.814814814814815,NA,NA,NA,NA,NA
"633",1,6.2,1,1,4,2.5,0.782608695652174,0.944444444444444,0,2.16666666666667,1.83333333333333,1.18518518518519,0.375,0,0.5,0,1
"634",2,11.6,1,2,4,2.375,1.09090909090909,0.823529411764706,0.125,2.66666666666667,2.5,0.518518518518518,NA,NA,NA,NA,NA
"635",1,4.4,1,2,5,2.375,1.04545454545455,1.88235294117647,0.625,2.83333333333333,3,1.14814814814815,0.5,0,0.5,0,0
"636",1,4.7,1,2,5,2.5,0.3,1.5,0.375,1.83333333333333,1.83333333333333,0.481481481481481,0.625,1,0.5,0,0
"637",1,5.2,1,2,4,2.875,0.416666666666667,1,0.428571428571429,2.66666666666667,2,0.888888888888889,NA,NA,NA,NA,NA
"638",1,NA,2,1,4,2.42857142857143,0.444444444444444,0.944444444444444,0,2.16666666666667,2,0.423076923076923,0.666666666666667,1,0.625,1,0
"639",1,2.8,1,1,3,3.25,NA,NA,NA,NA,NA,NA,0.142857142857143,0,0.375,0,1
"640",2,1.7,1,1,4,2.5,0.0769230769230769,1.11764705882353,0.625,3.33333333333333,2.16666666666667,1.57142857142857,NA,NA,NA,NA,NA
"641",2,6.5,1,2,4,2.125,0.37037037037037,0.777777777777778,0.125,2.33333333333333,1.83333333333333,0.814814814814815,0.25,0,0.333333333333333,0,1
"642",1,5.7,1,1,4,3,NA,NA,NA,NA,NA,NA,0.5,0,0.5,0,0
"643",2,7.4,1,1,5,2.75,0.625,0.647058823529412,0.375,1.83333333333333,2.16666666666667,0.807692307692308,0.625,1,0.625,1,0
"644",2,1.2,2,1,4,2.875,0,0.833333333333333,0,0.833333333333333,2,0.481481481481481,0.375,0,0.375,0,0
"645",1,4.7,1,2,NA,3,1.29166666666667,1.72222222222222,1.83333333333333,3,2.66666666666667,0.636363636363636,0.5,0,0.5,0,0
"646",1,1.2,1,2,5,2.375,0.384615384615385,1.11111111111111,0.75,2.33333333333333,1.6,1.44,0.5,0,0.125,0,0
"647",2,4.9,1,2,4,2.375,0.444444444444444,1.27777777777778,1,2.83333333333333,2.83333333333333,1.03846153846154,0.5,0,0.5,0,0
"648",2,5.4,1,1,4,3,NA,NA,NA,NA,NA,NA,0.5,0,0.375,0,0
"649",1,6.6,2,1,5,1.625,NA,NA,NA,NA,NA,NA,0.5,0,0.625,1,1
"650",1,2.3,2,1,4,2.125,0.111111111111111,0.611111111111111,0,1.16666666666667,2,0.407407407407407,0.444444444444444,0,0.5,0,1
"651",1,3,1,1,3,2.125,0.407407407407407,0.764705882352941,0.25,1.83333333333333,2,0.481481481481481,0.625,1,0.5,0,0
"652",1,11.1,1,1,3,2.25,0.576923076923077,0.470588235294118,0.75,2.5,1.66666666666667,0.555555555555556,0.666666666666667,1,0.5,0,0
"653",2,10.2,1,2,4,2.125,2.03846153846154,1.77777777777778,0.625,2.66666666666667,1,0.703703703703704,0.375,0,0.625,1,1
"654",2,10.5,2,1,4,2.5,0.296296296296296,0.444444444444444,0.875,0.833333333333333,1.83333333333333,0.653846153846154,0.625,1,0.285714285714286,0,0
"655",1,8.1,1,1,4,2.375,0.730769230769231,0.941176470588235,0.125,1.83333333333333,2,0.962962962962963,0.625,1,0.5,0,0
"656",1,3.9,1,2,4,2.5,1.73913043478261,1.23529411764706,0.125,2,2.66666666666667,0.730769230769231,0.625,1,0.375,0,0
"657",2,7.1,1,2,4,2.375,0.962962962962963,1.66666666666667,1.85714285714286,2.83333333333333,1.5,1.40740740740741,0.5,0,0.5,0,0
"658",2,2.2,2,1,4,2.875,NA,NA,NA,NA,NA,NA,NA,NA,NA,NA,NA
"659",1,8.2,2,1,4,2.875,0.962962962962963,0.611111111111111,0,2.5,2.33333333333333,0.851851851851852,0.5,0,0.5,0,0
"660",2,5.5,2,1,4,2.625,0.703703703703704,0.0555555555555556,0,2.66666666666667,2.83333333333333,0.962962962962963,0.5,0,0.625,1,1
"661",1,1.7,2,1,3,2.5,0.148148148148148,0.277777777777778,0,2.33333333333333,2.5,0.791666666666667,NA,NA,NA,NA,NA
"662",1,5.1,2,1,4,2.625,0.555555555555556,0.166666666666667,0,2.66666666666667,1.5,1.11111111111111,0.75,1,0.625,1,0
"663",1,4.1,1,1,3,1.75,0.481481481481481,0.611111111111111,0,0.5,0.333333333333333,0.923076923076923,0.625,1,0.5,0,0
"664",2,4.1,2,1,3,2.125,0.962962962962963,0.444444444444444,0,2.16666666666667,1.5,0.740740740740741,0.5,0,0.555555555555556,1,1
"665",1,7.4,1,1,4,2.375,0.961538461538462,2.05555555555556,0.375,2.16666666666667,0.666666666666667,0.888888888888889,0.375,0,0.5,0,1
"666",2,NA,1,2,NA,1.83333333333333,NA,NA,NA,NA,NA,NA,NA,NA,0.4,0,NA
"667",1,2.4,2,1,4,1.71428571428571,0.615384615384615,1.25,0.833333333333333,0.5,2,0.62962962962963,0.5,0,0.5,0,0
"668",2,6.5,2,1,4,1.875,0.961538461538462,1.5,0,1.66666666666667,0.5,0.148148148148148,NA,NA,NA,NA,NA
"669",2,1.5,2,1,4,2.875,0.0769230769230769,0.111111111111111,0.125,1,2.16666666666667,0.777777777777778,0.375,0,0.625,1,1
"670",1,3.7,1,1,NA,2.625,0.227272727272727,0.5625,0.375,1.5,1.6,0.72,0.5,0,0.5,0,0
"671",2,5.7,1,2,2,2.5,NA,NA,NA,NA,NA,NA,0.5,0,0.625,1,1
"672",2,1.6,2,1,1,2.42857142857143,0.363636363636364,0.4375,1.16666666666667,2.5,2.8,1.5,0.625,1,0.5,0,0
"673",1,4.6,2,1,3,2.375,0.28,1.58823529411765,0,1,2.66666666666667,0.772727272727273,0.4,0,NA,NA,NA
"674",1,0.7,2,1,3,2.71428571428571,0.230769230769231,0,0.5,1.8,1.5,0.961538461538462,0.5,0,0.7,1,1
"675",2,2.8,2,2,4,2,0.153846153846154,0.470588235294118,0,3,2,0.481481481481481,0.375,0,0.5,0,1
"676",2,5.5,1,2,4,2.375,0.518518518518518,0.294117647058824,0,2,2.16666666666667,0.851851851851852,0.571428571428571,1,0.375,0,0
"677",1,8.8,1,1,2,1.875,NA,NA,NA,NA,NA,NA,0.5,0,0.625,1,1
"678",1,8.1,1,1,2,2.875,0.666666666666667,0.470588235294118,0,2.33333333333333,1.8,1,0.5,0,0.5,0,0
"679",2,9,1,2,2,2.25,0.0740740740740741,0.944444444444444,0.375,2.33333333333333,2.33333333333333,1.07407407407407,0.625,1,0.428571428571429,0,0
"680",1,12.1,1,1,NA,2.25,0.148148148148148,0.166666666666667,0,1.66666666666667,2,0.222222222222222,0.5,0,0.625,1,1
"681",1,4,2,1,4,2.5,0.37037037037037,0.388888888888889,0,1.5,1.66666666666667,0.884615384615385,0.5,0,0.375,0,0
"682",2,9,1,1,4,2.75,1.11111111111111,0.277777777777778,0,2.83333333333333,1.66666666666667,0.592592592592593,0.7,1,0.625,1,0
"683",2,4.6,1,1,4,3.25,1.22222222222222,0.666666666666667,0,3.16666666666667,1.83333333333333,0.666666666666667,0.375,0,0.25,0,0
"684",2,0.7,2,1,4,2.25,0.0869565217391304,0.444444444444444,1.75,1.16666666666667,2.16666666666667,1.2962962962963,0.5,0,0.5,0,0
"685",2,1.8,1,1,4,2.375,NA,NA,NA,NA,NA,NA,0.5,0,0.5,0,0
"686",2,3.8,1,2,5,2.625,0.652173913043478,0.588235294117647,0.875,2.33333333333333,1.83333333333333,0.92,0.5,0,0.25,0,0
"687",1,5.4,1,2,4,2.71428571428571,0.478260869565217,0.944444444444444,0.375,1.66666666666667,2.16666666666667,1.19047619047619,0.5,0,0.5,0,0
"688",1,2.3,1,1,4,2.625,0.956521739130435,0.944444444444444,2,2.16666666666667,3.16666666666667,1.03703703703704,0.75,1,0.75,1,0
"689",1,6.6,1,2,4,2.125,NA,NA,NA,NA,NA,NA,0.5,0,0.125,0,0
"690",1,3.3,1,1,4,2.625,NA,NA,NA,NA,NA,NA,0.5,0,0.5,0,0
"691",1,2.9,1,1,2,2.625,NA,NA,NA,NA,NA,NA,0.875,1,0.625,1,0
"692",2,8.7,1,2,4,2.5,1.38461538461538,1.9375,0.5,2.83333333333333,2.66666666666667,1.7037037037037,0.5,0,0.5,0,0
"693",2,6.3,1,1,5,3,NA,NA,NA,NA,NA,NA,0.5,0,0.5,0,0
"694",1,7.7,1,2,4,2.25,1.77777777777778,2.38888888888889,0,3.5,2,1.22222222222222,0.75,1,0.75,1,0
"695",1,3.3,1,2,5,2.75,0.521739130434783,0.944444444444444,0.125,2.16666666666667,1.83333333333333,1.15384615384615,0.5,0,0.5,0,0
"696",2,7.2,1,2,5,2.625,0.391304347826087,0.588235294117647,0,2,2.5,0.875,0.625,1,0.375,0,0
"697",1,11.4,1,2,5,1.875,1.1304347826087,0.416666666666667,0.625,1.83333333333333,1,0.791666666666667,0.5,0,0.125,0,0
"698",1,3,1,1,2,2.25,0.0434782608695652,0.833333333333333,0.75,1.5,1.16666666666667,0.925925925925926,0.75,1,0.625,1,0
"699",1,2.9,1,1,4,2.57142857142857,0.235294117647059,0.0714285714285714,0,0,0.833333333333333,0.884615384615385,0.375,0,0.5,0,1
"700",2,8.8,1,1,4,2.625,0.259259259259259,0.555555555555556,0,1.83333333333333,1.5,0.6,0.375,0,0.5,0,1
"701",2,2.6,1,1,3,3,0.0434782608695652,0.222222222222222,0.25,1.33333333333333,1.5,0.703703703703704,0.625,1,0.625,1,0
"702",1,1.5,2,1,3,2.875,NA,NA,NA,NA,NA,NA,0.5,0,0.625,1,1
"703",2,4.1,1,1,5,2.5,0.407407407407407,0.333333333333333,0.375,1.33333333333333,1.66666666666667,0.703703703703704,0.375,0,0.5,0,1
"704",1,2.2,1,2,3,2.125,0.826086956521739,1.11111111111111,0.5,1.83333333333333,2.16666666666667,0.814814814814815,0.875,1,0.375,0,0
